timestamp,time_of_day,temperature,solar_radiation,flow_rate,pressure,real_temperature,real_solar
0,0,15.496714153011231,0.0,52.798710873172006,117.29533183867844,-10.85,0.0
1,1,17.449926149854022,0.0,51.84926736582554,118.87803854201884,-10.93,0.0
2,2,20.64768853810069,0.0,50.11926073984035,119.15906653551848,-11.07,0.0
3,3,23.594097668273506,0.0,48.70612644458885,121.07633182859595,-11.13,0.0
4,4,23.426100663121048,0.0,51.39644662722718,119.15191765657528,-11.18,0.0
5,5,24.425121305941506,0.0,50.786970770843496,122.68989536819886,-11.23,0.0
6,6,26.57921281550739,0.0,51.79038644005546,123.64949190880812,-11.2,0.0
7,7,25.42669299204359,207.0552360820166,51.27034360336394,123.81233463091247,-11.12,0.0
8,8,23.19077965190944,400.0,52.09910543063867,127.00407941473108,-11.06,0.0
9,9,22.61362785545144,565.685424949238,48.92952957687886,128.15592929903372,-11.07,0.0
10,10,19.536582307187537,692.8203230275509,52.63478813126865,124.81211221356956,-11.05,17.52
11,11,17.12246069745495,772.7406610312546,50.3951992093848,125.22358963306766,-10.95,41.8
12,12,15.241962271566036,800.0,54.15052174525053,125.29737196015216,-10.78,46.22
13,13,10.498529304316994,772.7406610312546,48.621624363820864,121.29114148357192,-10.69,36.08
14,14,8.275082167486971,692.820323027551,53.471927606330496,123.00434209818272,-10.8,12.0
15,15,7.366644658893557,565.685424949238,50.39582156692529,119.12860168416502,-10.93,0.0
16,16,5.326914841821191,400.0,48.6971639927711,116.00611795749889,-10.89,0.0
17,17,5.654989069704591,207.0552360820168,49.03222833189135,111.6986990154406,-10.68,0.0
18,18,4.091975924478789,9.797174393178827e-14,49.35930538361136,112.8709760842755,-10.45,0.0
19,19,3.928438035774024,0.0,50.84833189280384,110.27499780416755,-10.22,0.0
20,20,7.805394731077168,0.0,51.045670976071,114.20173050615227,-10.03,0.0
21,21,7.703155887647987,0.0,48.85259999212284,114.03816334918584,-9.87,0.0
22,22,10.06752820468792,0.0,49.95129081547803,117.06501015919754,-9.87,0.0
23,23,10.987061362761327,0.0,54.28454071722373,114.38720822614674,-10.02,0.0
24,0,14.455617275474818,0.0,53.45508634020143,113.38955767204644,-10.21,0.0
25,1,17.69911304073507,0.0,50.87264733934806,119.2998603053677,-10.42,0.0
26,2,18.8490064225777,0.0,50.0760069563364,122.1404713748224,-10.64,0.0
27,3,22.44676583021115,0.0,50.24006265343653,123.12981497520204,-10.89,0.0
28,4,23.05961534792558,0.0,51.227035945460834,122.08970398596688,-11.14,0.0
29,5,24.36756451309741,0.0,47.95441486960319,121.03721095202128,-11.38,0.0
30,6,24.398293387770604,0.0,49.48524692515331,123.30687997387192,-11.64,0.0
31,7,26.511536447399617,207.0552360820166,46.66283185224482,123.19856765541222,-11.93,0.0
32,8,23.646756813106457,400.0,50.79844624521056,126.69760430962968,-12.24,0.0
33,9,21.013356882909576,565.685424949238,51.29439187940548,127.1806163055782,-12.57,0.0
34,10,20.82254491210319,692.8203230275509,49.03362707540125,128.7365159626557,-12.9,20.67
35,11,16.367346801054186,772.7406610312546,53.14797352658007,130.68016477452227,-13.09,49.12
36,12,15.208863595004756,800.0,47.54846867399532,125.70274948306958,-13.18,58.55
37,13,10.452139425095018,772.7406610312546,47.07125023958036,121.60428093221488,-13.24,43.97
38,14,8.671813951101573,692.820323027551,50.44890363711995,121.3155294649623,-13.38,13.85
39,15,8.125793424003653,565.685424949238,52.09419660522431,117.4849764252054,-13.62,0.0
40,16,7.078212542151025,400.0,53.367855382915735,117.17060765102508,-13.57,0.0
41,17,5.512110018299287,207.0552360820168,49.08223147426212,114.0291300076526,-13.5,0.0
42,18,4.88435171761176,9.797174393178827e-14,52.15736166686259,112.0875155952765,-13.37,0.0
43,19,5.039638041520027,0.0,49.92298306099858,112.73294794101032,-13.26,0.0
44,20,4.861223971788187,0.0,49.65474540011836,111.12793116734446,-13.15,0.0
45,21,7.209087979739814,0.0,51.76731987497335,115.63955396585128,-13.03,0.0
46,22,9.539361229040209,0.0,51.30464575682684,115.03092036326277,-12.99,0.0
47,23,13.4689317751937,0.0,46.847215686031504,116.08995854309524,-12.95,0.0
48,0,15.34361828956846,0.0,52.95308069945179,117.7705832099052,-12.99,0.0
49,1,15.825150295662471,0.0,52.760182708294906,118.69739771527868,-13.08,0.0
50,2,20.324083969394795,0.0,48.74887459698094,121.14946430109504,-13.14,0.0
51,3,21.68598553144916,0.0,50.79160706687482,119.7006188555332,-13.23,0.0
52,4,22.98333203753843,0.0,50.98806037256548,120.7021033596694,-13.31,0.0
53,5,25.27093455173155,0.0,50.52134753164781,122.28414773903036,-13.35,0.0
54,6,26.03099952249595,0.0,48.89938969230916,120.7765713145,-13.43,0.0
55,7,25.59053838200688,207.0552360820166,48.6567532641239,123.36828541506614,-13.65,0.0
56,8,22.82103651462175,400.0,49.94889185801711,124.6859653185973,-13.87,0.0
57,9,21.76185543601426,565.685424949238,52.34545803851873,128.31845734627234,-14.04,0.0
58,10,20.331263431403563,692.8203230275509,51.08720030918887,127.70511700131796,-13.99,20.65
59,11,18.56373557814757,772.7406610312546,49.25877133582779,127.1514135336032,-13.64,41.78
60,12,14.520825762154711,800.0,51.54339742129669,126.84543930858864,-13.29,55.35
61,13,12.226150572310976,772.7406610312546,44.302914758739846,122.49500716561693,-13.08,43.15
62,14,8.893665025993975,692.820323027551,52.297531400744205,122.42023929831468,-13.09,13.98
63,15,6.732725564053858,565.685424949238,46.5205724424438,118.17249889060932,-13.25,0.0
64,16,7.1522717845498125,400.0,49.275118117193735,117.82920303981312,-13.36,0.0
65,17,6.69698176568014,207.0552360820168,47.76066021074772,114.0970372993924,-13.44,0.0
66,18,4.927989878419666,9.797174393178827e-14,47.410637048558186,108.28789661150684,-13.47,0.0
67,19,6.344274635001339,0.0,52.32165357475704,113.43504928917262,-13.53,0.0
68,20,6.7013819872032485,0.0,49.06459759737622,115.29773271722678,-13.69,0.0
69,21,7.283812433529398,0.0,50.69300776346143,115.16983087281938,-13.88,0.0
70,22,10.36139560550841,0.0,49.90615884224163,116.6100257980893,-14.06,0.0
71,23,13.949846115440751,0.0,50.95408165444624,119.01993547131896,-14.25,0.0
72,0,14.964173960890047,0.0,50.15364378212051,117.64580212331128,-10.85,0.0
73,1,19.15283410683921,0.0,47.43401555162286,119.35919372485256,-10.93,0.0
74,2,17.380254895910255,0.0,51.99253363889428,118.16215633258244,-11.07,0.0
75,3,22.8929703162407,0.0,49.01248683367737,120.77487324081524,-11.13,0.0
76,4,23.74730110608256,0.0,46.8868362026805,122.17467451823408,-11.18,0.0
77,5,24.360250912424814,0.0,49.143769678068175,123.81470604757926,-11.23,0.0
78,6,25.0917607765355,0.0,53.001519581268624,122.93701489099998,-11.2,0.0
79,7,22.67168934828979,207.0552360820166,51.70044348422699,123.07120183453334,-11.12,0.0
80,8,23.440582150006875,400.0,49.30269573118428,125.5816221595252,-11.06,0.0
81,9,22.42818038337722,565.685424949238,49.30148459136314,127.63305148284728,-11.07,0.0
82,10,21.477894044741515,692.8203230275509,49.35672989756524,125.372714007959,-11.05,17.52
83,11,17.069920232751564,772.7406610312546,54.153495967121685,123.6487944904068,-10.95,41.8
84,12,14.191506397106814,800.0,50.763870904463104,124.42272210520863,-10.78,46.22
85,13,11.910052505390256,772.7406610312546,50.860083294382136,122.02338088301286,-10.69,36.08
86,14,10.915402117702078,692.820323027551,52.06056690806368,122.03580737426832,-10.8,12.0
87,15,8.257683297794213,565.685424949238,50.47757831805303,119.6595410837739,-10.93,0.0
88,16,5.809985758388576,400.0,49.48191570835859,116.12150340733147,-10.89,0.0
89,17,5.854009170222673,207.0552360820168,49.60730030183005,117.09771830800364,-10.68,0.0
90,18,5.0970775493480405,9.797174393178827e-14,49.856797481171874,113.01001541781189,-10.45,0.0
91,19,6.309386727642204,0.0,49.92555552698032,113.5905160086334,-10.22,0.0
92,20,5.637692868278262,0.0,51.45525908727396,114.04320896765904,-10.03,0.0
93,21,7.601270041536755,0.0,50.1038917716146,112.11316369842017,-9.87,0.0
94,22,9.607891846867838,0.0,51.46528015443116,116.65566963545056,-9.87,0.0
95,23,10.948294600842663,0.0,49.83856683978284,115.3282142385747,-10.02,0.0
96,0,15.296120277064576,0.0,50.15727038063218,118.68523514052056,-10.21,0.0
97,1,17.849245723205094,0.0,46.00359863093578,116.51755673822947,-10.42,0.0
98,2,20.005113456642466,0.0,51.832655349404966,118.03844964917812,-10.64,0.0
99,3,21.83648067849033,0.0,50.692976951795984,122.2836702166419,-10.89,0.0
100,4,22.24488329579397,0.0,51.996020219719306,122.08625998098714,-11.14,0.0
101,5,24.23861294012532,0.0,44.20748924361262,119.60772698724892,-11.38,0.0
102,6,24.65728548347323,0.0,54.17674940956145,121.85949800173688,-11.64,0.0
103,7,23.85698099366906,207.0552360820166,49.72082074368965,125.63135918301477,-11.93,0.0
104,8,23.498968326178375,400.0,52.21636563347504,124.4086394504832,-12.24,0.0
105,9,22.47511866868001,565.685424949238,47.92018814574894,128.94246064286614,-12.57,0.0
106,10,21.88618590121053,692.8203230275509,51.22554781012514,126.76547464093396,-12.9,20.67
107,11,17.762768263857048,772.7406610312546,47.89316887365269,127.14501240538418,-13.09,49.12
108,12,15.257550390722766,800.0,48.75246207860839,124.8863398974596,-13.18,58.55
109,13,12.337363633208623,772.7406610312546,53.82806270773357,125.56648211508708,-13.24,43.97
110,14,8.081228784700961,692.820323027551,49.61863519847331,120.07637365914935,-13.38,13.85
111,15,7.902418312685312,565.685424949238,50.43486574635945,119.45084719599848,-13.62,0.0
112,16,6.399976172096641,400.0,51.74013546137751,117.6093939414174,-13.57,0.0
113,17,7.803983849594603,207.0552360820168,50.99136377594521,114.6675358571343,-13.5,0.0
114,18,4.807639035218878,9.797174393178827e-14,50.30083781028716,113.57522359779703,-13.37,0.0
115,19,5.642289079442928,0.0,50.72992200493245,112.19730859100058,-13.26,0.0
116,20,6.305034192450371,0.0,54.80683117047655,113.77098345731046,-13.15,0.0
117,21,6.760254150514991,0.0,49.88476240593283,111.86555549453128,-13.03,0.0
118,22,11.142822814515018,0.0,50.40219809342994,111.80835053775051,-12.99,0.0
119,23,13.163742581661555,0.0,52.10130879201522,116.71559140533356,-12.95,0.0
120,0,15.791031947043049,0.0,52.21105186591597,121.9566494791241,-12.99,0.0
121,1,16.678802996230466,0.0,52.37406061112076,119.99112005218642,-13.08,0.0
122,2,21.4027943109361,0.0,51.27746044405837,120.92799867467814,-13.14,0.0
123,3,20.669216749073197,0.0,47.71399017453904,119.483070165632,-13.23,0.0
124,4,24.24711113164465,0.0,53.26686306460219,122.81062701796084,-13.31,0.0
125,5,26.84971388870066,0.0,47.707309213962624,123.78699745990566,-13.35,0.0
126,6,24.009463674869316,0.0,50.60527093047806,120.354566800567,-13.43,0.0
127,7,24.092960533287908,207.0552360820166,48.49144829996128,125.48680482945969,-13.65,0.0
128,8,23.75990540293203,400.0,49.87172330681401,126.92736933599068,-13.87,0.0
129,9,21.56759215774928,565.685424949238,50.65752482060696,127.64943388105031,-14.04,0.0
130,10,18.449336568933862,692.8203230275509,50.64271443090055,126.93912800913716,-13.99,20.65
131,11,17.656753425831237,772.7406610312546,50.84384150847057,126.75397661146326,-13.64,41.78
132,12,13.937696286273898,800.0,53.227422538117295,126.62362450471063,-13.29,55.35
133,13,12.885401979609972,772.7406610312546,50.90706860302796,125.2392425213352,-13.08,43.15
134,14,9.0805757657662,692.820323027551,49.51168672941871,120.83976739263082,-13.09,13.98
135,15,9.478866593152068,565.685424949238,51.92817433657672,119.9215197540384,-13.25,0.0
136,16,5.556492669819377,400.0,52.37894097784928,117.40681897337252,-13.36,0.0
137,17,5.018680220903642,207.0552360820168,47.54478436972602,116.41237957245998,-13.44,0.0
138,18,5.81351721736967,9.797174393178827e-14,51.19480013969972,111.28705802314391,-13.47,0.0
139,19,4.10987742067536,0.0,51.4023454846218,110.13411990863338,-13.53,0.0
140,20,6.567205896759744,0.0,49.404872993280016,113.41171880889064,-13.69,0.0
141,21,9.23607494241695,0.0,52.75141362662324,115.24465174931716,-13.88,0.0
142,22,8.392516765438769,0.0,49.69988882593495,114.396248644462,-14.06,0.0
143,23,12.596443407507088,0.0,50.25115290694309,116.7143820820049,-14.25,0.0
144,0,15.259882794248425,0.0,49.65385635143226,117.22590928545846,-10.85,0.0
145,1,18.37001332280252,0.0,50.03115809516294,121.42603343833696,-10.93,0.0
146,2,18.76304928912192,0.0,47.8074498262096,116.5416586420881,-11.07,0.0
147,3,20.7506111987812,0.0,47.11989823481141,118.55653970918252,-11.13,0.0
148,4,24.182195603461285,0.0,53.18901012644994,122.57401768679703,-11.18,0.0
149,5,24.956242936123868,0.0,48.30607730336335,119.67455371200334,-11.23,0.0
150,6,25.250492850345875,0.0,48.01721530108738,121.9649078787423,-11.2,0.0
151,7,25.005706472387654,207.0552360820166,45.693219772792574,126.20425480016452,-11.12,0.0
152,8,22.9802293162659,400.0,48.72207650462099,125.26585969150108,-11.06,0.0
153,9,22.30332150902648,565.685424949238,47.353820413185005,126.62533044522064,-11.07,0.0
154,10,20.29307247329868,692.8203230275509,53.28403032027274,125.84129838322052,-11.05,17.52
155,11,16.87383903299884,772.7406610312546,52.01963417868527,125.6437108504898,-10.95,41.8
156,12,16.865774511144757,800.0,48.62369930964455,125.5948325470154,-10.78,46.22
157,13,12.88564246988658,772.7406610312546,54.50487161068862,124.5946295222592,-10.69,36.08
158,14,8.808696502797355,692.820323027551,51.96353097398319,123.64772336897649,-10.8,12.0
159,15,8.585485796768358,565.685424949238,49.35033723298275,120.6562011855608,-10.93,0.0
160,16,5.365064291928293,400.0,45.00118857025285,114.01558292460916,-10.89,0.0
161,17,6.127826340851769,207.0552360820168,54.58188514518148,116.42059972793037,-10.68,0.0
162,18,6.158595579007404,9.797174393178827e-14,47.22085506647281,113.27080142554344,-10.45,0.0
163,19,4.520059418757604,0.0,46.70920250608621,113.31209376837796,-10.22,0.0
164,20,7.303122091399937,0.0,52.04514086401928,116.43140024835638,-10.03,0.0
165,21,8.341713115071022,0.0,54.87950481267855,113.6241162323294,-9.87,0.0
166,22,10.822060159994486,0.0,52.76854563702104,114.74845294058596,-9.87,0.0
167,23,14.30860253162873,0.0,51.12781824010472,115.4934981254634,-10.02,0.0
168,0,14.75461188399713,0.0,51.18950868333057,117.26417789000422,-10.21,0.0
169,1,16.834454286667714,0.0,51.70683111756062,119.45813092851547,-10.42,0.0
170,2,19.110485570374475,0.0,51.51785717957353,121.3398159959856,-10.64,0.0
171,3,21.25525752690004,0.0,50.56238284793875,120.62617879757398,-10.89,0.0
172,4,23.58315232843028,0.0,50.20840220790375,121.35348532091363,-11.14,0.0
173,5,25.000410237707325,0.0,49.87481374420096,122.70280485606696,-11.38,0.0
174,6,25.27669079933002,0.0,48.49207082226665,121.0840452116733,-11.64,0.0
175,7,25.486441511926703,207.0552360820166,49.43864984626645,127.83581116857896,-11.93,0.0
176,8,23.67325592972229,400.0,46.61408637160923,122.74795369850592,-12.24,0.0
177,9,23.524601889022797,565.685424949238,49.8033207464105,127.65693021162946,-12.57,0.0
178,10,19.735343166762043,692.8203230275509,48.022817785698166,129.43584769964065,-12.9,20.67
179,11,20.308359617614823,772.7406610312546,47.79282136556846,127.45035045907365,-13.09,49.12
180,12,15.625667347765008,800.0,50.35978830230696,125.59973278184168,-13.18,58.55
181,13,11.55465199255851,772.7406610312546,52.7840045726892,123.525365386914,-13.24,43.97
182,14,8.92910750193889,692.820323027551,51.83663321200463,121.48949610100227,-13.38,13.85
183,15,8.411404603377715,565.685424949238,46.858998792753646,121.29362902174675,-13.62,0.0
184,16,6.116283176829763,400.0,48.02074372685932,113.34449746679248,-13.57,0.0
185,17,6.054742231201409,207.0552360820168,51.88154237597643,117.77438250356064,-13.5,0.0
186,18,5.473237624573545,9.797174393178827e-14,48.03502521292338,110.20768812619625,-13.37,0.0
187,19,5.267912824452442,0.0,49.55073370000595,112.1441246583758,-13.26,0.0
188,20,5.49295224408721,0.0,51.1001041980491,112.32263033120545,-13.15,0.0
189,21,6.4140849634486585,0.0,48.06331109027273,113.70253460443494,-13.03,0.0
190,22,9.553485047932975,0.0,50.21075101229192,112.42170619859924,-12.99,0.0
191,23,13.268208343298255,0.0,47.33194901016359,116.79375297280475,-12.95,0.0
192,0,15.214093744130205,0.0,48.79726471209757,120.4029642494149,-12.99,0.0
193,1,16.342451672313217,0.0,50.63956386828507,116.2543776029244,-13.08,0.0
194,2,20.17318092585118,0.0,46.81401253293666,119.7339522209285,-13.14,0.0
195,3,22.45638519159431,0.0,50.8809494759208,120.4114092242864,-13.23,0.0
196,4,22.776396601643253,0.0,49.96072440214664,122.01917399054052,-13.31,0.0
197,5,24.81298336883621,0.0,51.104979908834295,122.6562093323086,-13.35,0.0
198,6,25.058208718446,0.0,50.44782826812932,121.6564396492824,-13.43,0.0
199,7,23.51628796506006,207.0552360820166,52.72828085994769,125.10616094264634,-13.65,0.0
200,8,24.018041398192672,400.0,50.25044900529581,128.7656326648356,-13.87,0.0
201,9,22.63185233823371,565.685424949238,49.141188917749496,126.5146625145682,-14.04,0.0
202,10,21.08305124317528,692.8203230275509,50.24459500606456,128.59828476629832,-13.99,20.65
203,11,18.641992503060116,772.7406610312546,51.08659605807278,125.3258126366504,-13.64,41.78
204,12,13.62233063204291,800.0,50.09772014065141,123.39605477892474,-13.29,55.35
205,13,11.47398450905967,772.7406610312546,50.081183382407765,124.1892449581445,-13.08,43.15
206,14,10.515035267208663,692.820323027551,48.596016624386486,124.1310982315611,-13.09,13.98
207,15,8.442718139046738,565.685424949238,48.6741981648981,120.14647297517388,-13.25,0.0
208,16,6.854793648461662,400.0,47.19478945640061,116.39676766972622,-13.36,0.0
209,17,9.193473227764038,207.0552360820168,53.49915348637388,117.366056780112,-13.44,0.0
210,18,5.570890510693167,9.797174393178827e-14,47.51227352921743,110.41228836023552,-13.47,0.0
211,19,6.476307377289914,0.0,48.61418960440818,113.86776459905964,-13.53,0.0
212,20,7.293747725648817,0.0,48.5631854688616,114.68301055008185,-13.69,0.0
213,21,8.58032343944032,0.0,51.78984875388888,113.96999597124832,-13.88,0.0
214,22,9.68473075535965,0.0,49.41010064341594,114.01932228472376,-14.06,0.0
215,23,13.17077876946805,0.0,52.49548414534747,117.4833035582816,-14.25,0.0
216,0,14.227174785462427,0.0,48.65301875151226,116.18911153897278,-10.85,0.0
217,1,17.351371844285197,0.0,50.55798832444761,118.6880846650934,-10.93,0.0
218,2,19.514636452170897,0.0,48.32930589348049,122.5727620885313,-11.07,0.0
219,3,22.1529419512518,0.0,54.29029825554677,121.56399207561626,-11.13,0.0
220,4,25.974912604517893,0.0,47.624803161940974,121.97490670661531,-11.18,0.0
221,5,22.791993070298933,0.0,50.61964142045405,120.54861211078752,-11.23,0.0
222,6,25.686260190374515,0.0,51.2675537618642,124.21292880481002,-11.2,0.0
223,7,23.04654239170103,207.0552360820166,50.827598194903,123.48750693582411,-11.12,0.0
224,8,23.18832217205496,400.0,49.62942468224458,124.54598646499429,-11.06,0.0
225,9,23.16001840883284,565.685424949238,49.74035860053315,129.16689122242497,-11.07,0.0
226,10,20.064280019095463,692.8203230275509,50.087622943958216,129.10727233538535,-11.05,17.52
227,11,16.5104456730959,772.7406610312546,49.70599599674302,125.02319329760104,-10.95,41.8
228,12,14.284696290740031,800.0,51.92775823358982,122.72808986504708,-10.78,46.22
229,13,13.091407297909468,772.7406610312546,54.4210460031827,126.6685899946592,-10.69,36.08
230,14,9.269633368282866,692.820323027551,48.88501642998433,120.3130784617738,-10.8,12.0
231,15,8.145390777716504,565.685424949238,47.260394040841845,120.36756684526316,-10.93,0.0
232,16,6.385317802059428,400.0,49.82343590329749,114.20219035512146,-10.89,0.0
233,17,4.6891413895035,207.0552360820168,55.15941867530864,116.78590279808262,-10.68,0.0
234,18,7.143944089325325,9.797174393178827e-14,48.39265086406054,111.4337443235536,-10.45,0.0
235,19,5.974660759427326,0.0,53.27823361088814,114.73912328049109,-10.22,0.0
236,20,4.314603375498008,0.0,53.35540162815288,112.84979161513424,-10.03,0.0
237,21,8.11538650290395,0.0,48.89282351658401,112.4053488256738,-9.87,0.0
238,22,9.338213535231608,0.0,51.13796615837055,114.28614552989974,-9.87,0.0
239,23,13.264242883771008,0.0,53.25679324625708,118.31295777657198,-10.02,0.0
240,0,14.2074792615673,0.0,49.24174451802502,117.1109302140615,-10.21,0.0
241,1,17.473454009558306,0.0,49.59283927979528,119.53191433144694,-10.42,0.0
242,2,20.504987278980455,0.0,48.83663817210271,122.984482150684,-10.64,0.0
243,3,22.9368230060356,0.0,47.97048653861427,118.71614639317406,-10.89,0.0
244,4,22.459957630788608,0.0,48.70144490986799,123.39608665982084,-11.14,0.0
245,5,24.32475702704973,0.0,47.55211946647549,121.8293363131048,-11.38,0.0
246,6,24.525054688839045,0.0,50.06816693651845,120.92798465923852,-11.64,0.0
247,7,24.00592903031697,207.0552360820166,48.46005353788272,121.7700571449467,-11.93,0.0
248,8,25.425708278125487,400.0,50.46757182358149,126.5226879176135,-12.24,0.0
249,9,22.476049522826436,565.685424949238,46.888208707592746,127.65499592031082,-12.57,0.0
250,10,18.739116045664957,692.8203230275509,50.66176046442892,126.23878966542748,-12.9,20.67
251,11,18.506052398079984,772.7406610312546,51.66705792321785,129.58057678936711,-13.09,49.12
252,12,17.122156197012636,800.0,46.01252871485709,123.58682030640038,-13.18,58.55
253,13,13.44427480952594,772.7406610312546,50.74811313969514,124.58103322124546,-13.24,43.97
254,14,8.48063003404599,692.820323027551,52.45533798494658,119.78099567766816,-13.38,13.85
255,15,7.444698115268277,565.685424949238,47.58071796261759,119.44079472358747,-13.62,0.0
256,16,7.606657111342237,400.0,53.34514477367541,119.80268859555215,-13.57,0.0
257,17,4.633072271490536,207.0552360820168,50.83803801873209,113.92355340979029,-13.5,0.0
258,18,5.443819428146228,9.797174393178827e-14,48.58997628848319,108.53358418682906,-13.37,0.0
259,19,6.115375790538652,0.0,49.888461844684585,113.33380248440098,-13.26,0.0
260,20,5.412815490577532,0.0,51.11665382504344,113.58484633789772,-13.15,0.0
261,21,7.869406832072722,0.0,50.15201078282482,114.57154770504388,-13.03,0.0
262,22,6.758732659930924,0.0,51.07751198489274,115.44854201467724,-12.99,0.0
263,23,11.387421907640494,0.0,48.15865281384127,113.71886099711492,-12.95,0.0
264,0,14.74743184860684,0.0,50.33872164807216,118.46178441209352,-12.99,0.0
265,1,16.340407269060357,0.0,47.17257100619004,119.39347910448517,-13.08,0.0
266,2,21.63241130393164,0.0,49.7775478773026,118.10383385141655,-13.14,0.0
267,3,20.64092643390484,0.0,48.19218471707042,120.43837789924498,-13.23,0.0
268,4,23.2202095511474,0.0,48.52894011482047,120.55962305202628,-13.31,0.0
269,5,24.78999884017677,0.0,52.47218635042088,122.76715268052008,-13.35,0.0
270,6,26.441273289066118,0.0,52.18262024118854,124.17867541807826,-13.43,0.0
271,7,23.22339611171124,207.0552360820166,51.21827624181435,123.19506281886834,-13.65,0.0
272,8,24.823417789999347,400.0,47.815374470654845,124.96122167038824,-13.87,0.0
273,9,22.081300872885063,565.685424949238,49.3671831006104,126.62216993228904,-14.04,0.0
274,10,19.01849134895205,692.8203230275509,52.42619539995837,125.291819076449,-13.99,20.65
275,11,18.05029392528848,772.7406610312546,50.28343382727981,125.18050264508496,-13.64,41.78
276,12,15.199059695573473,800.0,54.63865907996339,127.54632158821418,-13.29,55.35
277,13,11.811592671815998,772.7406610312546,50.78663567878874,122.0673390292403,-13.08,43.15
278,14,10.069802084990023,692.820323027551,50.38409823298007,123.03939267073036,-13.09,13.98
279,15,7.543618591272769,565.685424949238,49.381767071595,119.9989038987287,-13.25,0.0
280,16,6.453263307406862,400.0,50.267081809564566,114.69133792243044,-13.36,0.0
281,17,6.002872411630364,207.0552360820168,49.69506032723891,113.99465365357966,-13.44,0.0
282,18,6.586016816145352,9.797174393178827e-14,51.41621735337718,115.36741598331916,-13.47,0.0
283,19,4.102926238282466,0.0,51.91340463358917,110.96239574914956,-13.53,0.0
284,20,8.47277933681188,0.0,48.4280210789841,113.22538749073868,-13.69,0.0
285,21,5.976844388612021,0.0,47.33753409288445,113.14902035276074,-13.88,0.0
286,22,9.848214904964411,0.0,46.327589253793406,115.36471106716478,-14.06,0.0
287,23,13.00012675545936,0.0,51.01598265382509,116.32595157942794,-14.25,0.0
288,0,15.280991867735032,0.0,47.79326678765225,116.30288399936047,-10.85,0.0
289,1,16.965490931204613,0.0,45.69421881409504,119.75514402096908,-10.93,0.0
290,2,19.79187774964273,0.0,50.777157209061926,122.65971981233012,-11.07,0.0
291,3,21.57806687720664,0.0,54.98599903486558,123.25452032174914,-11.13,0.0
292,4,23.07088928090017,0.0,49.98785817692021,121.66099348968169,-11.18,0.0
293,5,25.508860359911704,0.0,51.676981548903285,121.87742790727512,-11.23,0.0
294,6,25.357015485965047,0.0,50.16365871709513,121.46557287656672,-11.2,0.0
295,7,23.966348667630022,207.0552360820166,49.80222069361771,124.79794199125736,-11.12,0.0
296,8,24.55985391327764,400.0,51.83815296597554,127.27515488116694,-11.06,0.0
297,9,22.378367332742084,565.685424949238,49.4194509116227,128.8323259876076,-11.07,0.0
298,10,20.81286211883896,692.8203230275509,50.53478462814381,128.41726635412795,-11.05,17.52
299,11,18.21781929294882,772.7406610312546,50.64339561239203,124.71037492662563,-10.95,41.8
300,12,14.171004989077929,800.0,48.6638190927139,126.39618773966612,-10.78,46.22
301,13,11.851628508777823,772.7406610312546,51.98408469907304,122.55294686354443,-10.69,36.08
302,14,10.747293605123266,692.820323027551,49.650080486609184,121.65590922223046,-10.8,12.0
303,15,8.539302453567993,565.685424949238,48.48850968101432,119.99950772185676,-10.93,0.0
304,16,6.318844368191466,400.0,51.07301968714081,120.36752735619984,-10.89,0.0
305,17,5.458069120418099,207.0552360820168,48.20306403641793,119.10507756232084,-10.68,0.0
306,18,6.2776648957884245,9.797174393178827e-14,50.05636231473826,114.06018949954614,-10.45,0.0
307,19,4.749170348273485,0.0,49.98176200671159,112.09614264739848,-10.22,0.0
308,20,6.886843343325652,0.0,52.17179113166316,114.67953837071629,-10.03,0.0
309,21,7.726739535700629,0.0,50.949396465759904,115.38473219981306,-9.87,0.0
310,22,9.782318796772776,0.0,49.94994608250971,114.40014717655257,-9.87,0.0
311,23,13.510586400961971,0.0,51.63553259840057,119.7752167540296,-10.02,0.0
312,0,15.82541634898803,0.0,52.780415098034624,118.81389733288805,-10.21,0.0
313,1,18.401700087025844,0.0,51.11562061270372,120.17058879969078,-10.42,0.0
314,2,21.30547880715433,0.0,50.02070523968676,121.6557668295962,-10.64,0.0
315,3,22.092071653498238,0.0,47.37632753529968,121.15368124973074,-10.89,0.0
316,4,24.34220700913935,0.0,47.869772673849255,123.00346879004394,-11.14,0.0
317,5,24.348991506297224,0.0,49.38955059129066,121.12652609158636,-11.38,0.0
318,6,25.324166352488444,0.0,48.78097559568143,121.58082566446146,-11.64,0.0
319,7,24.529115208522995,207.0552360820166,49.62605739402911,122.61009009442994,-11.93,0.0
320,8,23.757250002837107,400.0,50.11329984979422,126.56053681730776,-12.24,0.0
321,9,22.66622483730239,565.685424949238,51.05938550871346,128.37024852515447,-12.57,0.0
322,10,19.181779316766526,692.8203230275509,49.85900244388182,127.17755267666296,-12.9,20.67
323,11,19.68057772671067,772.7406610312546,50.9730032876524,130.27403478121968,-13.09,49.12
324,12,13.9939826185003,800.0,50.12894882962024,125.01438704693062,-13.18,58.55
325,13,11.19762093618706,772.7406610312546,46.049066867292254,123.5391429352533,-13.24,43.97
326,14,11.158110873500071,692.820323027551,48.12132921236249,120.49397319528909,-13.38,13.85
327,15,8.720594882097465,565.685424949238,49.71182488855677,119.37886711454088,-13.62,0.0
328,16,6.96386577920777,400.0,47.58061051431778,118.0413616288161,-13.57,0.0
329,17,5.969087246373597,207.0552360820168,51.19985745999241,116.56872064212016,-13.5,0.0
330,18,4.987753227153085,9.797174393178827e-14,53.0615016646874,112.66522652501776,-13.37,0.0
331,19,4.443487365623484,0.0,52.43752370339463,112.60184954570356,-13.26,0.0
332,20,6.415550520349341,0.0,49.57311425813958,110.8455874917814,-13.15,0.0
333,21,7.251770476622411,0.0,52.9814522736999,113.68663189184127,-13.03,0.0
334,22,10.975119733417747,0.0,50.29733491440423,116.8826015948694,-12.99,0.0
335,23,12.264752167472643,0.0,49.32582805776392,116.86034921944896,-12.95,0.0
336,0,14.174502803207488,0.0,48.77319467291812,117.59288891825918,-12.99,0.0
337,1,17.266804609372212,0.0,49.39506062702375,118.58707496086228,-13.08,0.0
338,2,20.412931454275625,0.0,49.22364636291754,120.0617897376636,-13.14,0.0
339,3,21.5073432590615,0.0,50.34083244475097,119.83135640927075,-13.23,0.0
340,4,22.838033642277956,0.0,50.32114796209973,122.53148904386272,-13.31,0.0
341,5,24.902945474382594,0.0,50.00609204030683,123.08415056183674,-13.35,0.0
342,6,25.244966571108723,0.0,50.873876339492696,123.5352868254421,-13.43,0.0
343,7,24.15231508751955,207.0552360820166,52.38129254957269,123.8339161504931,-13.65,0.0
344,8,23.189215732226067,400.0,51.89910827088265,122.7444151404827,-13.87,0.0
345,9,22.303117749223112,565.685424949238,47.03020406310019,127.86018300435452,-14.04,0.0
346,10,18.55191565850268,692.8203230275509,44.89215773019609,124.46433642155348,-13.99,20.65
347,11,16.180726676648653,772.7406610312546,51.86863982247855,124.8973342670679,-13.64,41.78
348,12,14.281555778747563,800.0,47.26624260316916,125.6342447778786,-13.29,55.35
349,13,12.198362397262946,772.7406610312546,49.55046919621464,123.14866268830824,-13.08,43.15
350,14,10.310907565598008,692.820323027551,47.65977394788128,123.2055163787207,-13.09,13.98
351,15,9.40428840508408,565.685424949238,46.39603912483996,120.56371520136749,-13.25,0.0
352,16,7.197405585357634,400.0,51.082925456409576,118.84064186876144,-13.36,0.0
353,17,5.18080320714589,207.0552360820168,51.518310320605295,112.91568246171336,-13.44,0.0
354,18,4.980983792097312,9.797174393178827e-14,48.84697919854656,114.07780371383755,-13.47,0.0
355,19,4.3382123724715065,0.0,44.81791541571018,111.52456506622858,-13.53,0.0
356,20,6.321232826163224,0.0,48.90751110349503,112.38820292491133,-13.69,0.0
357,21,7.640273549214385,0.0,50.7836080108051,114.19194107778158,-13.88,0.0
358,22,10.322718560338084,0.0,47.04217686245174,111.9054418033119,-14.06,0.0
359,23,11.58457860542246,0.0,50.36671983955832,116.4786124878439,-14.25,0.0
360,0,15.519346514241173,0.0,49.969380301654006,116.20949205517827,-10.85,0.0
361,1,19.120929364027784,0.0,51.158582999202174,117.76317585308902,-10.93,0.0
362,2,19.891239851543144,0.0,50.2391607368283,117.7099132938104,-11.07,0.0
363,3,22.472779533964417,0.0,48.053862118236886,122.51619475311448,-11.13,0.0
364,4,24.3503980295555,0.0,52.39314300332898,121.70993252490436,-11.18,0.0
365,5,24.258037791004845,0.0,49.68294085394606,124.36619863116638,-11.23,0.0
366,6,25.224092481810416,0.0,49.94539092098014,121.7974222305228,-11.2,0.0
367,7,24.67185066367248,207.0552360820166,48.13346408185361,121.4721335726377,-11.12,0.0
368,8,23.75793013639322,400.0,49.113435497616976,124.026865507797,-11.06,0.0
369,9,21.298058028010008,565.685424949238,48.2303945719462,127.80567960789703,-11.07,0.0
370,10,20.024510174258943,692.8203230275509,49.65410788015316,126.6374326265306,-11.05,17.52
371,11,18.086188742270657,772.7406610312546,53.42341696028468,126.63275342876892,-10.95,41.8
372,12,16.451143607795043,800.0,47.256197714137286,125.91683868550416,-10.78,46.22
373,13,13.37108037506,772.7406610312546,46.77287720424652,124.52019634294317,-10.69,36.08
374,14,12.15318245751156,692.820323027551,52.94234065498722,125.2693608138824,-10.8,12.0
375,15,7.16158462524648,565.685424949238,49.58135264569627,121.32666593609429,-10.93,0.0
376,16,7.212066598876293,400.0,48.661854522680166,116.79875123529057,-10.89,0.0
377,17,5.524083742847669,207.0552360820168,52.07980937479216,113.25948457807938,-10.68,0.0
378,18,7.189802933217672,9.797174393178827e-14,48.78876892052627,112.73245750902916,-10.45,0.0
379,19,4.532443451754164,0.0,53.65201942709388,113.3870463711702,-10.22,0.0
380,20,5.500024119974839,0.0,51.35585174267854,111.5755440192072,-10.03,0.0
381,21,7.329539542690501,0.0,49.0241771837086,112.0338788357444,-9.87,0.0
382,22,7.87610427569019,0.0,54.314616426531,115.31665724547612,-9.87,0.0
383,23,11.886054527294023,0.0,48.78857015399333,115.62776276709,-10.02,0.0
384,0,14.240867338446302,0.0,51.48419074401861,117.46646731114426,-10.21,0.0
385,1,17.738584237501414,0.0,50.59858516081298,117.8512661488632,-10.42,0.0
386,2,20.34175597577716,0.0,52.6034825787976,120.34597343233943,-10.64,0.0
387,3,23.947238651081364,0.0,53.1230223934537,121.21187408782896,-10.89,0.0
388,4,24.61067787603044,0.0,50.06400829813153,123.6534382143287,-11.14,0.0
389,5,24.08235460722828,0.0,48.49316425930763,123.2926841575613,-11.38,0.0
390,6,24.10158532865164,0.0,50.91994428587823,119.46549972814434,-11.64,0.0
391,7,25.151177434397187,207.0552360820166,48.644569260495786,122.98078863982931,-11.93,0.0
392,8,22.340020830823747,400.0,54.026774495053246,123.7305714317874,-12.24,0.0
393,9,23.90252657771983,565.685424949238,50.27307066216547,126.68769576917504,-12.57,0.0
394,10,21.17944012072129,692.8203230275509,49.26935689737578,127.24663771542578,-12.9,20.67
395,11,17.119014798920503,772.7406610312546,50.36936061172982,124.18631830257095,-13.09,49.12
396,12,13.286865470909124,800.0,47.305747420940605,122.72179249995472,-13.18,58.55
397,13,13.765681923140203,772.7406610312546,48.0567719229787,122.71566589835614,-13.24,43.97
398,14,9.885460154747385,692.820323027551,52.40082781588885,122.6619998649254,-13.38,13.85
399,15,9.16674850010799,565.685424949238,48.68621144205721,120.08148729351218,-13.62,0.0
400,16,4.745318303361247,400.0,47.90617803463612,114.87128842860196,-13.57,0.0
401,17,4.741366714155545,207.0552360820168,51.07330550505457,114.92112812711795,-13.5,0.0
402,18,5.005243699718183,9.797174393178827e-14,52.37140830932599,112.1568833848434,-13.37,0.0
403,19,5.387722330874057,0.0,51.437906621330136,112.57395982421396,-13.26,0.0
404,20,5.889680490676371,0.0,51.99209537161163,115.85343745510832,-13.15,0.0
405,21,8.551782120482022,0.0,48.48640982286108,115.98386460249874,-13.03,0.0
406,22,8.932379570617401,0.0,47.15637866651631,111.94809366322058,-12.99,0.0
407,23,12.26943006395349,0.0,53.002667303910975,117.97984711957768,-12.95,0.0
408,0,15.1202956317119,0.0,49.35464032231573,118.64817071205648,-12.99,0.0
409,1,18.102629285083957,0.0,49.49833396708991,117.22858650283104,-13.08,0.0
410,2,20.71161487808889,0.0,52.656388283698114,122.11525156141634,-13.14,0.0
411,3,20.946425720027605,0.0,51.11246001880132,123.00260274139288,-13.23,0.0
412,4,22.12613986710876,0.0,50.91177554416321,119.5616078330204,-13.31,0.0
413,5,25.93693508478919,0.0,54.330004689802166,122.45821424883364,-13.35,0.0
414,6,25.33231401197959,0.0,48.71296353923972,123.935241914103,-13.43,0.0
415,7,23.91077172633413,207.0552360820166,51.85568025616247,124.8043172414582,-13.65,0.0
416,8,25.21140601336691,400.0,50.11402624979417,127.45572266950158,-13.87,0.0
417,9,22.18674244615833,565.685424949238,50.53718455772651,127.3685462087176,-14.04,0.0
418,10,21.179297184063827,692.8203230275509,53.05693685282506,128.71528307426465,-13.99,20.65
419,11,17.655708932435317,772.7406610312546,51.015671512579246,124.76868718657944,-13.64,41.78
420,12,17.060747924881987,800.0,51.07659215809927,128.316668953993,-13.29,55.35
421,13,14.167150391417998,772.7406610312546,52.1450146746196,126.99436972958712,-13.08,43.15
422,14,9.75103585152093,692.820323027551,49.27009454091423,121.31365394811678,-13.09,13.98
423,15,8.900503139088885,565.685424949238,48.32158066532199,119.70620652738044,-13.25,0.0
424,16,6.985121911740762,400.0,47.91038161195793,114.77797602442838,-13.36,0.0
425,17,6.709373294641666,207.0552360820168,46.067286821248,115.41007850641736,-13.44,0.0
426,18,4.035076539419896,9.797174393178827e-14,54.11241425988064,113.69810728425728,-13.47,0.0
427,19,6.026793197107755,0.0,47.79358326855663,112.47882672676624,-13.53,0.0
428,20,7.398170449005202,0.0,49.55749275282846,115.29711381487404,-13.69,0.0
429,21,6.170192701711408,0.0,49.44637340022216,112.47325518443024,-13.88,0.0
430,22,8.816741487334221,0.0,50.6148133956182,115.37824231163115,-14.06,0.0
431,23,10.372577371214684,0.0,51.63147442507859,113.98308706258489,-14.25,0.0
432,0,14.730593165555442,0.0,51.72094697671949,117.67415775181026,-10.85,0.0
433,1,18.305732706821168,0.0,48.83384512286212,118.65810399112875,-10.93,0.0
434,2,21.502357052096027,0.0,49.66575657242718,121.02229172359486,-11.07,0.0
435,3,22.14516259228525,0.0,50.5651599009766,120.6313228830879,-11.13,0.0
436,4,25.28886958341568,0.0,49.5026177476329,122.34774944772693,-11.18,0.0
437,5,23.27915680467579,0.0,53.21469115203998,123.52158738990812,-11.23,0.0
438,6,23.296617560644844,0.0,50.9819499032765,121.1895524051204,-11.2,0.0
439,7,24.603710563994063,207.0552360820166,51.46975557209964,122.25649310612911,-11.12,0.0
440,8,24.044319486783696,400.0,51.325762537334825,128.91168810716695,-11.06,0.0
441,9,22.03837306377138,565.685424949238,52.34694771497065,129.21761144240796,-11.07,0.0
442,10,17.932557899960123,692.8203230275509,50.36204311740742,124.02849676107864,-11.05,17.52
443,11,17.49907041151242,772.7406610312546,47.406336104088304,126.9927707447542,-10.95,41.8
444,12,13.695530499495147,800.0,50.799375903505286,124.2531782746216,-10.78,46.22
445,13,13.08148209780483,772.7406610312546,48.69728621241634,124.40283572469482,-10.69,36.08
446,14,10.366598246096853,692.820323027551,48.94276663650049,122.34139187414428,-10.8,12.0
447,15,6.989052401807173,565.685424949238,51.17272803751019,119.03431435742354,-10.93,0.0
448,16,5.825879044818921,400.0,52.47656614286727,116.23260425260332,-10.89,0.0
449,17,4.281528215220366,207.0552360820168,50.04254315347213,113.18401352065038,-10.68,0.0
450,18,4.937320902726828,9.797174393178827e-14,50.61766602519793,111.21790578318114,-10.45,0.0
451,19,6.295884057610554,0.0,53.40442988927048,112.58109469431368,-10.22,0.0
452,20,5.354019915820071,0.0,50.481506358977136,112.67254379463142,-10.03,0.0
453,21,8.432978703652367,0.0,55.20336622836079,114.1835226138322,-9.87,0.0
454,22,9.469742381627556,0.0,51.13101929126309,115.98415314763533,-9.87,0.0
455,23,11.61893671671244,0.0,46.478474481688366,117.33603248769778,-10.02,0.0
456,0,14.89296964004544,0.0,51.50668324220906,116.87774160640949,-10.21,0.0
457,1,16.55294812860583,0.0,50.76231676976556,118.78804416905908,-10.42,0.0
458,2,19.446350694652818,0.0,52.57950550816549,120.9886041144139,-10.64,0.0
459,3,20.873189919276623,0.0,51.34636270253991,121.4138709065252,-10.89,0.0
460,4,25.62497917076077,0.0,49.72308803203245,122.87104009366102,-11.14,0.0
461,5,24.69452181486241,0.0,47.55140352742127,122.97156524045504,-11.38,0.0
462,6,24.30027449200741,0.0,49.58195348542795,122.78990137211028,-11.64,0.0
463,7,24.8732381736249,207.0552360820166,48.2989590915814,122.31046963245797,-11.93,0.0
464,8,23.54792598815356,400.0,48.83895310039056,126.8454877107388,-12.24,0.0
465,9,21.85009821233225,565.685424949238,51.17715680884122,128.14827097332687,-12.57,0.0
466,10,20.614166700043427,692.8203230275509,53.339809008702815,126.75831922576992,-12.9,20.67
467,11,18.34569816107252,772.7406610312546,50.789343059645965,127.1150310559494,-13.09,49.12
468,12,14.469498852389474,800.0,47.60823387592963,125.78138969059728,-13.18,58.55
469,13,11.835991308330112,772.7406610312546,50.88920533644029,123.5092726023966,-13.24,43.97
470,14,9.72494830284836,692.820323027551,52.3932629732913,123.87879704800696,-13.38,13.85
471,15,5.6270110233989445,565.685424949238,48.78043419136124,121.77225534139316,-13.62,0.0
472,16,4.824554899957063,400.0,49.73196566665416,115.17969153435688,-13.57,0.0
473,17,6.7076160045538415,207.0552360820168,50.02937638945839,113.35866873625812,-13.5,0.0
474,18,6.644967713501284,9.797174393178827e-14,48.43020337383552,113.46425242492504,-13.37,0.0
475,19,5.091705697552937,0.0,51.29656086768772,113.88750878000324,-13.26,0.0
476,20,6.916302925211381,0.0,49.75810370278444,113.06347264239542,-13.15,0.0
477,21,8.24018234267806,0.0,50.83906488781405,116.4677951438834,-13.03,0.0
478,22,13.078880808455237,0.0,48.2250156443958,114.17653483352191,-12.99,0.0
479,23,13.53138446040936,0.0,49.12508339935318,117.63008684462272,-12.95,0.0
480,0,14.872082408519232,0.0,51.44476271565554,116.8162025162524,-12.99,0.0
481,1,16.63265001042478,0.0,49.25433369581646,120.74625860368664,-13.08,0.0
482,2,18.39355367974243,0.0,53.453927702466814,122.87633541011677,-13.14,0.0
483,3,22.2745314477327,0.0,49.20072762877079,119.82742636794548,-13.23,0.0
484,4,22.90390329256008,0.0,50.44936945150377,120.71748983271792,-13.31,0.0
485,5,23.23700455329301,0.0,51.86518166374618,123.28092043986544,-13.35,0.0
486,6,24.353427115757476,0.0,47.163268534133934,121.02867129002124,-13.43,0.0
487,7,23.577710259276287,207.0552360820166,46.47838237603845,123.08696713876763,-13.65,0.0
488,8,25.347395672916956,400.0,46.94868737085981,126.10151794144406,-13.87,0.0
489,9,22.95270756881493,565.685424949238,52.52516820685437,124.75873194097424,-14.04,0.0
490,10,19.992027358683384,692.8203230275509,48.89628370821511,126.68271703211887,-13.99,20.65
491,11,19.068134589915235,772.7406610312546,55.1163985713365,127.2501619584412,-13.64,41.78
492,12,15.07736830764762,800.0,48.87150480268522,124.5733008807612,-13.29,55.35
493,13,11.550525347646529,772.7406610312546,50.36910260639407,125.74193781061784,-13.08,43.15
494,14,11.52312407726966,692.820323027551,53.08421990513576,121.4218489085186,-13.09,13.98
495,15,8.467842231819187,565.685424949238,54.01218577631825,121.9130203007876,-13.25,0.0
496,16,5.302499807829158,400.0,54.1230071532728,117.05740693907144,-13.36,0.0
497,17,5.150403059025709,207.0552360820168,52.416732461186285,114.70946012982654,-13.44,0.0
498,18,4.124381746615243,9.797174393178827e-14,52.048125051622925,113.65737372770978,-13.47,0.0
499,19,3.9579420061449793,0.0,51.185053898402366,112.7260587246063,-13.53,0.0
500,20,7.265923509687256,0.0,51.55672215233328,114.8002256811396,-13.69,0.0
501,21,9.838348828604651,0.0,48.897628567342935,116.1509771185702,-13.88,0.0
502,22,8.601432426180855,0.0,48.36360223315538,113.47647408494652,-14.06,0.0
503,23,12.974778785665354,0.0,49.993251085178095,115.56768450810668,-14.25,0.0
504,0,14.349357430878174,0.0,49.65963075495014,115.4788790765924,-10.85,0.0
505,1,17.10106506726051,0.0,49.09354390134545,117.13112551893092,-10.93,0.0
506,2,19.40760607576113,0.0,51.39277489491343,124.40599965482632,-11.07,0.0
507,3,21.20707704218566,0.0,51.91061041714102,122.85267997562622,-11.13,0.0
508,4,23.70877566578921,0.0,50.17681377258369,119.8631390380993,-11.18,0.0
509,5,23.82830814647964,0.0,52.95506016211053,120.52147917054656,-11.23,0.0
510,6,25.27045682577984,0.0,47.71662177173299,122.90135185981424,-11.2,0.0
511,7,24.609020153441545,207.0552360820166,49.61268108144056,125.118495849896,-11.12,0.0
512,8,23.42130599097798,400.0,48.56635535879439,126.24724982022391,-11.06,0.0
513,9,21.16350414982388,565.685424949238,46.26692676585388,125.10955798724456,-11.07,0.0
514,10,19.423228669431666,692.8203230275509,49.8346386283146,126.41856390064991,-11.05,17.52
515,11,18.343581676850967,772.7406610312546,49.75650498323344,127.34231773162374,-10.95,41.8
516,12,15.500917187624385,800.0,53.02689948648426,126.48467800054904,-10.78,46.22
517,13,11.43425430417624,772.7406610312546,51.26162336910956,120.36790787710127,-10.69,36.08
518,14,10.099332305429227,692.820323027551,47.95162635134159,121.22349520739569,-10.8,12.0
519,15,8.680319311506318,565.685424949238,53.708185132668376,119.46154128038874,-10.93,0.0
520,16,4.670340681034243,400.0,52.44206739105071,117.08640094709004,-10.89,0.0
521,17,5.884101929489252,207.0552360820168,51.16419540693723,119.72333091085736,-10.68,0.0
522,18,4.337376241054153,9.797174393178827e-14,49.54703180230034,112.6293169791986,-10.45,0.0
523,19,5.911340405702474,0.0,48.08112152655304,112.10159997890324,-10.22,0.0
524,20,5.576486805613097,0.0,49.25558644785789,114.022062945344,-10.03,0.0
525,21,6.124050087470003,0.0,52.177497239408375,114.22155632243047,-9.87,0.0
526,22,8.372457562116834,0.0,53.769172611869216,115.57020503911002,-9.87,0.0
527,23,12.459894495636163,0.0,53.08648705654438,117.75752054895048,-10.02,0.0
528,0,15.259722501721482,0.0,49.02230115642745,120.51913682939056,-10.21,0.0
529,1,16.6838738259208,0.0,47.76076513342198,116.19775728665591,-10.42,0.0
530,2,20.63859245877737,0.0,50.28177249382241,121.08609884337034,-10.64,0.0
531,3,20.40954774959652,0.0,46.463121268874296,118.10782643360082,-10.89,0.0
532,4,23.59417423919707,0.0,50.64633542836956,122.75962317478582,-11.14,0.0
533,5,23.448242063128223,0.0,49.704794827402665,120.2870502298155,-11.38,0.0
534,6,24.34816389219784,0.0,49.06792699626352,121.361617124944,-11.64,0.0
535,7,24.706656934207096,207.0552360820166,46.81059386546641,123.34336472966017,-11.93,0.0
536,8,22.799840672560435,400.0,51.02720021313943,127.06908545792515,-12.24,0.0
537,9,21.68651226763565,565.685424949238,48.93459832067618,127.66471171335908,-12.57,0.0
538,10,21.00629280921444,692.8203230275509,47.66016632857942,125.09480683592903,-12.9,20.67
539,11,17.01129858150206,772.7406610312546,44.2554755734367,125.16655218225068,-13.09,49.12
540,12,15.835692112065145,800.0,49.944970189898726,124.84247031188856,-13.18,58.55
541,13,11.282102694317174,772.7406610312546,53.54450319333949,122.18960123012604,-13.24,43.97
542,14,10.529804177915286,692.820323027551,53.32251842909574,122.53208342941576,-13.38,13.85
543,15,9.370500808792428,565.685424949238,49.085807486827456,119.69654196857036,-13.62,0.0
544,16,3.868101462028325,400.0,48.79557587927644,119.33324063638774,-13.57,0.0
545,17,4.54384648163884,207.0552360820168,50.937548512150045,115.17942504211064,-13.5,0.0
546,18,5.57707212718054,9.797174393178827e-14,48.00322912162342,110.3227556367836,-13.37,0.0
547,19,5.137696351066323,0.0,50.60358379963893,111.84240392920454,-13.26,0.0
548,20,6.710891835526923,0.0,51.53216055676938,115.19395297226144,-13.15,0.0
549,21,7.324947001418702,0.0,52.45386644776862,117.28591094956798,-13.03,0.0
550,22,10.086589787472896,0.0,49.799691847040094,112.62425829478752,-12.99,0.0
551,23,12.256132313582704,0.0,49.59265249964607,113.226710079012,-12.95,0.0
552,0,16.167782061659807,0.0,48.24403482648688,120.53914575918496,-12.99,0.0
553,1,17.842611294326417,0.0,48.34623929192028,119.17497477160362,-13.08,0.0
554,2,20.3376026620752,0.0,49.54704221619695,118.77577067646244,-13.14,0.0
555,3,21.65919084574301,0.0,50.73473101363236,121.77848525478164,-13.23,0.0
556,4,23.17264781377189,0.0,51.8271692524665,117.99813614885394,-13.31,0.0
557,5,24.22670007507106,0.0,48.39364209863931,121.79714171715912,-13.35,0.0
558,6,25.39445214237829,0.0,52.985377137919045,123.7860332580376,-13.43,0.0
559,7,24.23827378207042,207.0552360820166,49.457752797914864,125.46764502074508,-13.65,0.0
560,8,23.950028894740804,400.0,49.957265411303126,124.4456236011922,-13.87,0.0
561,9,24.146468610510915,565.685424949238,48.50557664170435,127.55973462519376,-14.04,0.0
562,10,20.871124703431693,692.8203230275509,45.15151947945412,125.0059325387928,-13.99,20.65
563,11,17.262166918857368,772.7406610312546,51.7680907927221,127.09518386179712,-13.64,41.78
564,12,16.201213922163948,800.0,51.47368779418487,125.0523250363744,-13.29,55.35
565,13,12.00373417595324,772.7406610312546,49.43734488576357,123.00459141670154,-13.08,43.15
566,14,7.96187546482215,692.820323027551,50.133981434449744,119.4422141573912,-13.09,13.98
567,15,6.920845877217125,565.685424949238,51.0318784354082,120.30035723791808,-13.25,0.0
568,16,4.468954041129759,400.0,46.87490828622691,116.89713535279526,-13.36,0.0
569,17,4.989228253068008,207.0552360820168,48.94189464530741,114.00161456147954,-13.44,0.0
570,18,5.018418379189551,9.797174393178827e-14,51.58852935924365,112.88427205388356,-13.47,0.0
571,19,7.017179049384598,0.0,47.4914211536615,110.83398663347428,-13.53,0.0
572,20,6.666673335919777,0.0,50.587115864333256,113.00124486881636,-13.69,0.0
573,21,7.709831659325658,0.0,47.28683639075319,113.23697618225086,-13.88,0.0
574,22,10.829405581183485,0.0,50.932859964867056,119.53246442011012,-14.06,0.0
575,23,10.2006742399669,0.0,49.92871703540504,113.4181299884032,-14.25,0.0
576,0,15.235614558108566,0.0,46.76973636818898,119.16802041082074,-10.85,0.0
577,1,18.35905564491217,0.0,52.32947870891434,121.14071172443766,-10.93,0.0
578,2,18.52141375422016,0.0,48.5308168464039,119.38782485312608,-11.07,0.0
579,3,23.214821855072405,0.0,48.37949512597124,123.92124067902316,-11.13,0.0
580,4,23.9987504453388,0.0,50.40113839446189,122.63776111047208,-11.18,0.0
581,5,24.24397034898988,0.0,52.29727469885743,123.16517890776832,-11.23,0.0
582,6,25.632781866106285,0.0,47.96835636204321,122.33038122593548,-11.2,0.0
583,7,26.92995112069508,207.0552360820166,50.123359699695946,127.39555318473484,-11.12,0.0
584,8,23.842120292902884,400.0,50.857633000661146,127.7372905973,-11.06,0.0
585,9,22.31928839816581,565.685424949238,51.38621121452629,126.15522476023622,-11.07,0.0
586,10,19.54063910045976,692.8203230275509,50.35288311055445,124.79022861071816,-11.05,17.52
587,11,16.73834608156042,772.7406610312546,49.26594432183335,125.64529755936594,-10.95,41.8
588,12,15.830335816544247,800.0,48.34481955870256,124.38407397341616,-10.78,46.22
589,13,11.555725723065926,772.7406610312546,50.17228776609275,123.44444016314104,-10.69,36.08
590,14,10.071566237219397,692.820323027551,47.85572197602879,123.3912879461172,-10.8,12.0
591,15,7.451274741369412,565.685424949238,44.15729903301079,117.52799894414906,-10.93,0.0
592,16,6.818725787902007,400.0,50.873119608315335,117.51975174364672,-10.89,0.0
593,17,5.6744038423962655,207.0552360820168,51.80786968217239,115.35636232066538,-10.68,0.0
594,18,6.037539944257899,9.797174393178827e-14,45.27413512891632,113.34624332122014,-10.45,0.0
595,19,4.8307253382545685,0.0,47.980538590580124,108.6411363862664,-10.22,0.0
596,20,6.069871026862243,0.0,51.23830852201039,112.37254677568524,-10.03,0.0
597,21,6.950168472352216,0.0,54.1149909394234,114.61500796248,-9.87,0.0
598,22,9.555706739923885,0.0,50.04158741535082,116.5862892876724,-9.87,0.0
599,23,12.789110042019637,0.0,48.54399411754173,115.36550017325888,-10.02,0.0
600,0,15.756988616645351,0.0,49.63420711779032,114.99050667281792,-10.21,0.0
601,1,16.66602512684758,0.0,52.74975283829637,119.81253030003228,-10.42,0.0
602,2,20.86960592010566,0.0,48.70807164175093,119.22337370516458,-10.64,0.0
603,3,23.426705670670422,0.0,48.40161598669949,119.60917604403956,-10.89,0.0
604,4,24.073688941068088,0.0,49.03451295563593,120.9072289770914,-11.14,0.0
605,5,26.536054075448742,0.0,48.093342783482576,122.60990755793712,-11.38,0.0
606,6,24.22621080089643,0.0,50.24534063198959,121.25505653003884,-11.64,0.0
607,7,23.414603559579263,207.0552360820166,53.24935691693912,121.11937643834902,-11.93,0.0
608,8,21.88153378894011,400.0,50.64615854623206,126.41559789904716,-12.24,0.0
609,9,23.567112123354654,565.685424949238,49.49529299574743,129.25178147223727,-12.57,0.0
610,10,20.65436565635406,692.8203230275509,49.41637746216891,128.1159445378956,-12.9,20.67
611,11,17.532605780114753,772.7406610312546,46.873618382606686,124.16190467125404,-13.09,49.12
612,12,15.279968626319825,800.0,51.76621955429432,125.6909909230975,-13.18,58.55
613,13,11.286320501676416,772.7406610312546,49.8443256059744,123.32965000950144,-13.24,43.97
614,14,12.44575197961683,692.820323027551,49.639040172818746,123.97707883899056,-13.38,13.85
615,15,8.058153370109757,565.685424949238,56.38621513568973,121.96568469476232,-13.62,0.0
616,16,6.449140756760508,400.0,50.59750581673137,116.24281084355876,-13.57,0.0
617,17,6.066508361008009,207.0552360820168,48.49641789980963,114.92608345590644,-13.5,0.0
618,18,5.481009231736714,9.797174393178827e-14,49.14728480758891,113.255882184309,-13.37,0.0
619,19,5.564625761388447,0.0,52.29689141839351,115.42542464759308,-13.26,0.0
620,20,5.549271506710302,0.0,50.22654082107553,113.87670372730736,-13.15,0.0
621,21,8.400400545270518,0.0,47.12344404336527,114.80847411237158,-13.03,0.0
622,22,11.88202449647503,0.0,51.83845786915041,116.43444376396164,-12.99,0.0
623,23,13.75722959512976,0.0,48.66371182892201,118.72704588115454,-12.95,0.0
624,0,16.593186626639397,0.0,53.74659555243509,119.66055661774595,-12.99,0.0
625,1,17.07697477459402,0.0,52.1600961314293,117.67887474832251,-13.08,0.0
626,2,19.01039517974142,0.0,49.1053562086825,121.431323786795,-13.14,0.0
627,3,21.945280891765822,0.0,52.562032723470224,122.5319018993855,-13.23,0.0
628,4,23.71597895013308,0.0,50.13571102105481,121.22056564758478,-13.31,0.0
629,5,25.75344978136163,0.0,51.70554735024444,122.49859490963084,-13.35,0.0
630,6,23.30753537028518,0.0,50.96946563458895,122.29252412977152,-13.43,0.0
631,7,26.188808582351296,207.0552360820166,48.30728669001825,125.52119118290084,-13.65,0.0
632,8,23.5022461392654,400.0,48.71290033536508,125.78964153515253,-13.87,0.0
633,9,21.644186741918052,565.685424949238,52.059921635162326,127.3578949576482,-14.04,0.0
634,10,18.98789562473983,692.8203230275509,49.33044933578692,128.8381769716674,-13.99,20.65
635,11,15.93333377915944,772.7406610312546,49.19270307351601,127.1399288429478,-13.64,41.78
636,12,15.823170583961916,800.0,48.08975484130129,125.81548964713876,-13.29,55.35
637,13,12.485127516163196,772.7406610312546,50.84719813118692,125.55137586578276,-13.08,43.15
638,14,8.71003910025895,692.820323027551,54.12504983848629,120.55944689281093,-13.09,13.98
639,15,6.633853416070913,565.685424949238,47.864934171491456,119.14365836674634,-13.25,0.0
640,16,6.003961262865486,400.0,50.04843891334552,119.7256279387015,-13.36,0.0
641,17,7.00976326239871,207.0552360820168,52.82444111083086,115.81325337109716,-13.44,0.0
642,18,4.740408648636395,9.797174393178827e-14,49.84071721750857,111.06689687489128,-13.47,0.0
643,19,3.837598783991209,0.0,50.90474359249946,111.12161477760591,-13.53,0.0
644,20,6.09400289806967,0.0,47.87521294370624,110.9875944817625,-13.69,0.0
645,21,7.656208618386852,0.0,50.8566141944153,112.82228428588492,-13.88,0.0
646,22,7.303113357058425,0.0,49.6257114699909,113.02093682464236,-14.06,0.0
647,23,12.357514682456973,0.0,51.97145999135972,114.46469881073249,-14.25,0.0
648,0,14.769065469791322,0.0,52.3747721031295,117.88291465644596,-10.85,0.0
649,1,18.284396815838623,0.0,55.17912728403723,121.53143962540672,-10.93,0.0
650,2,21.848956094945343,0.0,51.15926634642715,119.79469704653772,-11.07,0.0
651,3,23.19763284141323,0.0,50.651592633164334,124.00806083280212,-11.13,0.0
652,4,23.391365347289558,0.0,50.38876860315467,122.53962452706712,-11.18,0.0
653,5,23.55273235414901,0.0,49.29366741437863,123.18097053838632,-11.23,0.0
654,6,27.57335980324986,0.0,50.67696768692338,122.9353216082314,-11.2,0.0
655,7,24.71847669690517,207.0552360820166,49.40919717972194,125.59341798581704,-11.12,0.0
656,8,23.674183329757334,400.0,50.33692195253923,124.26657520479354,-11.06,0.0
657,9,22.04694272475547,565.685424949238,52.63519507121592,128.54273587736807,-11.07,0.0
658,10,20.198084760767856,692.8203230275509,47.98691486944072,126.8823875942379,-11.05,17.52
659,11,17.443830039101268,772.7406610312546,52.27975712225809,127.735149884292,-10.95,41.8
660,12,14.426337993119766,800.0,52.63423013467973,123.97662311505856,-10.78,46.22
661,13,11.8649506077344,772.7406610312546,49.763862946017845,122.2700497399684,-10.69,36.08
662,14,9.967246729784003,692.820323027551,45.75629020198281,121.95892696294416,-10.8,12.0
663,15,7.385507417000764,565.685424949238,48.784356025811135,117.68395715681868,-10.93,0.0
664,16,5.62690017947845,400.0,52.59398909312222,118.02705734651236,-10.89,0.0
665,17,5.447171964801214,207.0552360820168,49.95426387540223,112.73428440861085,-10.68,0.0
666,18,4.745022782579145,9.797174393178827e-14,48.001395535410175,113.24505181737162,-10.45,0.0
667,19,6.844734725692004,0.0,48.99045015754356,111.37167242220195,-10.22,0.0
668,20,3.6887761537626025,0.0,51.68124005300911,113.0090859940024,-10.03,0.0
669,21,9.020439040056983,0.0,51.09346713640276,115.66735934777806,-9.87,0.0
670,22,11.246085192497626,0.0,49.52213580166061,114.48231202893656,-9.87,0.0
671,23,10.338419316566634,0.0,49.26635117637063,115.89551974418454,-10.02,0.0
672,0,14.657312405919653,0.0,49.21648370191236,117.56261633834262,-10.21,0.0
673,1,17.216749585029415,0.0,48.155179631002994,117.4311479344262,-10.42,0.0
674,2,18.592488305282178,0.0,53.23075137893888,118.42956240231456,-10.64,0.0
675,3,21.2932511242746,0.0,49.35535906157732,117.5737588369439,-10.89,0.0
676,4,22.54967819237856,0.0,52.43431704165099,122.286177575469,-11.14,0.0
677,5,26.411528706314304,0.0,53.0426321038449,121.46708661688304,-11.38,0.0
678,6,25.935678393147462,0.0,51.99662179629592,123.51017985499487,-11.64,0.0
679,7,25.93081335788484,207.0552360820166,49.1367593745639,124.468138590552,-11.93,0.0
680,8,24.381926101887625,400.0,50.80746018067322,127.37116925023577,-12.24,0.0
681,9,20.942016040648248,565.685424949238,49.95160878721817,125.66511577802537,-12.57,0.0
682,10,19.475479733720228,692.8203230275509,48.19259627853975,125.81029067332294,-12.9,20.67
683,11,18.077565012253128,772.7406610312546,50.6487185634432,127.9937388855602,-13.09,49.12
684,12,13.777872191108056,800.0,47.6419204176804,124.91990722271628,-13.18,58.55
685,13,13.12480797914718,772.7406610312546,52.37535877692313,125.23911629104492,-13.24,43.97
686,14,9.75967460184187,692.820323027551,49.070765405403215,122.3260949969899,-13.38,13.85
687,15,7.554111380584931,565.685424949238,50.40231931174568,117.21101561732333,-13.62,0.0
688,16,7.050705930359106,400.0,50.56657574309229,118.77385113377848,-13.57,0.0
689,17,5.785005048595357,207.0552360820168,49.48219005259185,115.77819608665662,-13.5,0.0
690,18,4.63903383418092,9.797174393178827e-14,51.17338760295055,111.02916974481582,-13.37,0.0
691,19,6.500071540473563,0.0,49.05019268675496,112.69395359707649,-13.26,0.0
692,20,5.258682634555717,0.0,51.742594594914486,112.91889930481932,-13.15,0.0
693,21,8.544867795078787,0.0,47.3080406395065,113.5322968488381,-13.03,0.0
694,22,10.59310125796838,0.0,50.252759159092825,115.84789241065556,-12.99,0.0
695,23,12.102263109660791,0.0,53.87785799811657,118.97375332720048,-12.95,0.0
696,0,15.326133022242118,0.0,47.99933735078885,118.88558407278808,-12.99,0.0
697,1,16.3370768746399,0.0,48.644510058950296,115.9291116589629,-13.08,0.0
698,2,20.9240270192069,0.0,51.02781569931783,121.60068163492608,-13.14,0.0
699,3,21.88616567542249,0.0,50.35916356387919,123.0083155297902,-13.23,0.0
700,4,23.137531017325347,0.0,50.70126019854712,122.28923032940592,-13.31,0.0
701,5,25.70826748872757,0.0,50.978374260295325,124.68627923420182,-13.35,0.0
702,6,24.29565630945724,0.0,51.26944293712354,125.42012241070448,-13.43,0.0
703,7,23.250796966527123,207.0552360820166,52.21939968391245,125.67539510002668,-13.65,0.0
704,8,22.103624864320487,400.0,50.81963731385702,125.58970278839423,-13.87,0.0
705,9,22.67707776321112,565.685424949238,49.51748469076291,128.46652278037766,-14.04,0.0
706,10,18.71957064750372,692.8203230275509,51.34514740240546,126.7743497841538,-13.99,20.65
707,11,19.34298463300957,772.7406610312546,53.79976386979043,128.19470626570285,-13.64,41.78
708,12,12.91807059211628,800.0,49.73473250723485,123.87886044393451,-13.29,55.35
709,13,14.10826591726483,772.7406610312546,48.05094139065872,126.73684788532486,-13.08,43.15
710,14,10.21101746720262,692.820323027551,52.214161338573945,121.24890123267862,-13.09,13.98
711,15,7.832219076264137,565.685424949238,49.7592376720928,121.82336290906018,-13.25,0.0
712,16,5.794826875346665,400.0,45.65466090797193,116.77814180487827,-13.36,0.0
713,17,5.739877851461388,207.0552360820168,51.69484335430084,113.18050069520812,-13.44,0.0
714,18,4.962365297575151,9.797174393178827e-14,48.92934362809216,112.81852531389316,-13.47,0.0
715,19,6.444043619125837,0.0,49.81893343539168,110.03576873516384,-13.53,0.0
716,20,6.453973610817654,0.0,50.66396066113803,114.298040962883,-13.69,0.0
717,21,8.0792339495964,0.0,50.38099935955813,115.44366407119333,-13.88,0.0
718,22,9.63638778778614,0.0,51.41890363427808,114.2134406872706,-14.06,0.0
719,23,12.354863925253715,0.0,49.12902725886031,116.18855895833228,-14.25,0.0
720,0,15.30780176889206,0.0,51.02621159635216,120.79037935434188,-10.85,0.0
721,1,15.87802205836858,0.0,49.48090664483217,117.07657230175782,-10.93,0.0
722,2,18.651814577894285,0.0,51.477620961775,118.03307010071724,-11.07,0.0
723,3,22.814331905888192,0.0,51.230734968026105,123.87580805024322,-11.13,0.0
724,4,23.83111947597233,0.0,48.12912259591081,124.48526504296451,-11.18,0.0
725,5,24.475274926538003,0.0,52.171964232350064,122.6775738175108,-11.23,0.0
726,6,25.018433933065392,0.0,48.9280731097719,123.8120261415996,-11.2,0.0
727,7,25.00683996825235,207.0552360820166,51.61611559656229,126.90940933755512,-11.12,0.0
728,8,23.120494357535023,400.0,50.73457462680268,124.59343575532048,-11.06,0.0
729,9,21.292763086463165,565.685424949238,53.67636735359024,126.3105505103902,-11.07,0.0
730,10,20.19584525509768,692.8203230275509,49.553068035256295,128.7830512346077,-11.05,17.52
731,11,16.609817673410177,772.7406610312546,49.3013664077636,128.42011014663314,-10.95,41.8
732,12,15.408252755714472,800.0,49.96116078822453,126.54067982576368,-10.78,46.22
733,13,10.709225944736952,772.7406610312546,49.39364043433145,121.64102613929424,-10.69,36.08
734,14,11.029155637325648,692.820323027551,51.5998838038841,125.74334947726432,-10.8,12.0
735,15,8.401529670547571,565.685424949238,46.76737878312682,118.41463849467358,-10.93,0.0
736,16,6.59577569646949,400.0,47.89263516170729,116.37370820881902,-10.89,0.0
737,17,6.323432721054831,207.0552360820168,47.86439415684161,115.31865430445036,-10.68,0.0
738,18,6.665474444462577,9.797174393178827e-14,51.90061518394715,116.04410089009288,-10.45,0.0
739,19,6.355111802127446,0.0,53.42122674516385,115.14276521492484,-10.22,0.0
740,20,4.49887173082397,0.0,49.79110156292506,112.82995442853986,-10.03,0.0
741,21,6.649355221398821,0.0,49.66235655361998,113.95208171660056,-9.87,0.0
742,22,9.375181422304316,0.0,50.14010432622637,114.78088357936264,-9.87,0.0
743,23,12.437900599185618,0.0,52.32375660521638,117.52091089241384,-10.02,0.0
744,0,15.517659020469123,0.0,48.14529373161885,113.59354814001688,-10.21,0.0
745,1,16.86244663787174,0.0,50.47673796546957,118.0816597234251,-10.42,0.0
746,2,20.18676676447708,0.0,51.95039525956486,120.8454453365267,-10.64,0.0
747,3,21.315684879512155,0.0,51.00218833987969,119.13175898230276,-10.89,0.0
748,4,23.04873623485244,0.0,50.37916323319749,122.17968574078306,-11.14,0.0
749,5,23.25259716604246,0.0,52.00209218513428,121.7200101885689,-11.38,0.0
750,6,24.076766753889096,0.0,44.59353541400152,123.5903040072181,-11.64,0.0
751,7,23.307573657274347,207.0552360820166,51.35575063906182,126.355018905092,-11.93,0.0
752,8,22.684380784867056,400.0,48.69184863374515,124.3818517655053,-12.24,0.0
753,9,23.124709608473317,565.685424949238,46.338734206287086,126.26069932763642,-12.57,0.0
754,10,19.050601111168056,692.8203230275509,51.02240519904996,126.54706347725694,-12.9,20.67
755,11,20.2205725158626,772.7406610312546,52.74731709032592,127.70966707206962,-13.09,49.12
756,12,15.493317900880893,800.0,49.725102970744615,125.98421702063156,-13.18,58.55
757,13,12.596645672669666,772.7406610312546,51.90574909440588,123.26945616219716,-13.24,43.97
758,14,9.14164221981879,692.820323027551,53.22455651597729,120.44801264097408,-13.38,13.85
759,15,8.62924206754352,565.685424949238,52.6298289071681,121.43150790054816,-13.62,0.0
760,16,5.764108135917841,400.0,53.27992905874279,118.4823342560402,-13.57,0.0
761,17,5.462751551754678,207.0552360820168,51.48425498214378,113.89230549363629,-13.5,0.0
762,18,7.560084538268795,9.797174393178827e-14,50.15086727780319,115.15324887083894,-13.37,0.0
763,19,5.2446818373846655,0.0,46.79606837620566,111.03418800018548,-13.26,0.0
764,20,7.48901928844129,0.0,49.507875023740105,114.02583250602564,-13.15,0.0
765,21,7.225755763008635,0.0,48.31350680936762,114.50609526229653,-13.03,0.0
766,22,9.965011509503034,0.0,54.341885434995625,115.80046399469506,-12.99,0.0
767,23,14.182610184610294,0.0,49.648228375135325,117.70306213554392,-12.95,0.0
768,0,14.373032942212232,0.0,50.24640961356897,116.46115392798856,-12.99,0.0
769,1,19.400639009022136,0.0,51.102970752080935,119.62621377978512,-13.08,0.0
770,2,20.70775193545548,0.0,50.08720489274491,120.0625277999562,-13.14,0.0
771,3,21.508601035971207,0.0,53.3901020808615,120.31245341434754,-13.23,0.0
772,4,24.292661776899905,0.0,48.75470127653109,121.6321098990825,-13.31,0.0
773,5,25.63181271251741,0.0,50.389214910474486,120.570821890058,-13.35,0.0
774,6,25.6218099622172,0.0,48.51505882860391,121.77718612611622,-13.43,0.0
775,7,23.089033543000223,207.0552360820166,47.35995497755859,122.65974688777747,-13.65,0.0
776,8,22.93311686201952,400.0,48.77646181818943,124.83758116590458,-13.87,0.0
777,9,21.82354917631397,565.685424949238,49.925926405903176,126.19156795002384,-14.04,0.0
778,10,19.925566570899957,692.8203230275509,49.14139555096548,126.6266193261284,-13.99,20.65
779,11,18.208862548575887,772.7406610312546,48.61515804025229,127.27403176978004,-13.64,41.78
780,12,15.177701000933256,800.0,47.187365072656334,126.33809912619668,-13.29,55.35
781,13,11.076465190264692,772.7406610312546,49.83378885474261,122.257749136121,-13.08,43.15
782,14,10.380197851005969,692.820323027551,46.990559251938,119.71161272308235,-13.09,13.98
783,15,8.539517933418352,565.685424949238,51.520111927379205,118.66756898331276,-13.25,0.0
784,16,6.899536410086654,400.0,50.16487950586901,116.75193972442472,-13.36,0.0
785,17,6.421522462663939,207.0552360820168,47.08489700107014,114.17041101564142,-13.44,0.0
786,18,5.833922154548904,9.797174393178827e-14,49.38158184590027,111.63828334715832,-13.47,0.0
787,19,5.799921816337752,0.0,48.49568718881884,110.6549233495578,-13.53,0.0
788,20,6.269580250696968,0.0,50.63834902083836,112.57827868830488,-13.69,0.0
789,21,6.267971254618532,0.0,52.68090089204629,113.94230573588948,-13.88,0.0
790,22,10.429618219132582,0.0,46.24965506070851,115.35728432046132,-14.06,0.0
791,23,12.619497236137894,0.0,50.23005215829483,115.51962447006544,-14.25,0.0
792,0,15.271578837195374,0.0,49.67973440886672,116.95223956715589,-10.85,0.0
793,1,16.311441875204896,0.0,51.34268015290093,117.03420950491169,-10.93,0.0
794,2,18.918943459591738,0.0,50.42639325647538,119.49759162552878,-11.07,0.0
795,3,23.12422066519838,0.0,48.49606133652236,119.98867964861743,-11.13,0.0
796,4,23.62069888398773,0.0,49.36189212866677,122.54241958758902,-11.18,0.0
797,5,25.340758960263305,0.0,48.40794828639302,119.67316939950908,-11.23,0.0
798,6,25.02831837613046,0.0,52.1520142771972,122.40511753482598,-11.2,0.0
799,7,24.689014402386427,207.0552360820166,50.04262329734389,124.87524523026975,-11.12,0.0
800,8,24.598537843820388,400.0,53.802381371506016,127.33549697069516,-11.06,0.0
801,9,21.555023083648106,565.685424949238,49.87867837237076,130.44965196176133,-11.07,0.0
802,10,20.09612077694098,692.8203230275509,48.58318646617907,127.21760094883368,-11.05,17.52
803,11,17.125915162320165,772.7406610312546,46.97257121477435,124.17879653916448,-10.95,41.8
804,12,14.565503772567686,800.0,46.39372064748811,124.41829964514788,-10.78,46.22
805,13,12.102637425506153,772.7406610312546,46.83172811398902,120.48070144566374,-10.69,36.08
806,14,10.222133771633716,692.820323027551,50.53425330202297,122.02522115255182,-10.8,12.0
807,15,7.450183566471051,565.685424949238,51.01745004645987,118.33585195651874,-10.93,0.0
808,16,7.595502087729136,400.0,46.83761859593573,118.53836017639196,-10.89,0.0
809,17,4.446134434889813,207.0552360820168,51.79007662815223,113.82732449200222,-10.68,0.0
810,18,4.813128355838641,9.797174393178827e-14,49.03387789663312,112.03819088355309,-10.45,0.0
811,19,4.90101067883514,0.0,50.2935860239711,111.5558857821052,-10.22,0.0
812,20,7.786723846509347,0.0,53.22444125651085,117.14652720233684,-10.03,0.0
813,21,8.125486964646097,0.0,51.79367863173106,113.93961505949238,-9.87,0.0
814,22,11.031844539468633,0.0,49.46293870418833,118.1573455757908,-9.87,0.0
815,23,10.926249175937812,0.0,48.21761554916942,116.3278753409802,-10.02,0.0
816,0,15.267050265869258,0.0,45.69636919734139,117.495899063406,-10.21,0.0
817,1,18.47782124664864,0.0,48.56169336151516,119.50434901660364,-10.42,0.0
818,2,20.082283989275425,0.0,49.57773952234461,120.547385846431,-10.64,0.0
819,3,23.136548186930828,0.0,48.02564094569763,118.28189341358652,-10.89,0.0
820,4,23.14296558774401,0.0,49.73748606581539,121.10065491580896,-11.14,0.0
821,5,26.068605703076265,0.0,50.153703765917534,124.33278056149813,-11.38,0.0
822,6,27.29889812361925,0.0,49.55028803638384,123.48616089387524,-11.64,0.0
823,7,24.296419702451026,207.0552360820166,48.69999483835308,121.85097640951096,-11.93,0.0
824,8,23.214751516443616,400.0,50.337309343933455,125.5962309511423,-12.24,0.0
825,9,23.524452288983177,565.685424949238,50.88388129913882,130.15201492819497,-12.57,0.0
826,10,21.57957214573071,692.8203230275509,47.81920184511431,129.1521672454658,-12.9,20.67
827,11,17.06533042387194,772.7406610312546,52.82186475949254,126.73143876009796,-13.09,49.12
828,12,14.579813182904145,800.0,49.802823735431474,126.6776452541255,-13.18,58.55
829,13,12.130024940114286,772.7406610312546,50.0376992458897,123.25019839899556,-13.24,43.97
830,14,8.655549488965727,692.820323027551,51.41642884651312,118.98345636382092,-13.38,13.85
831,15,7.010280241650331,565.685424949238,50.466432262527,117.8685818406286,-13.62,0.0
832,16,5.335605195403547,400.0,51.90627326782649,119.39339040402938,-13.57,0.0
833,17,4.572944172005188,207.0552360820168,50.57424833040365,114.06088449015954,-13.5,0.0
834,18,4.965315112613219,9.797174393178827e-14,48.77512525071912,111.8726066373879,-13.37,0.0
835,19,5.574956469645836,0.0,50.72300705041221,112.48232235049304,-13.26,0.0
836,20,7.890246454969692,0.0,47.71254758535868,116.34383762891608,-13.15,0.0
837,21,6.930578147395732,0.0,50.21711941155305,115.94765132905157,-13.03,0.0
838,22,10.98432239847658,0.0,49.93354001871108,118.80703955315272,-12.99,0.0
839,23,12.197820704749274,0.0,49.58376628545492,115.77709579386554,-12.95,0.0
840,0,14.950536290347568,0.0,49.74292497712214,117.86728987371886,-12.99,0.0
841,1,18.26300994319181,0.0,46.23630190900472,116.10380152926564,-13.08,0.0
842,2,18.8772779784377,0.0,48.90255018451808,121.43455066529988,-13.14,0.0
843,3,22.453477558049528,0.0,50.18568980228223,119.51220741257931,-13.23,0.0
844,4,23.82670624605744,0.0,50.3197127839948,122.30245902547162,-13.31,0.0
845,5,25.15170952689883,0.0,47.944649718148085,120.51883091562976,-13.35,0.0
846,6,25.289168643907814,0.0,52.5314156817294,122.26756721819176,-13.43,0.0
847,7,27.11455840280157,207.0552360820166,48.267650303571,124.0254679763606,-13.65,0.0
848,8,23.022514053593078,400.0,51.938914401053474,124.98722701599353,-13.87,0.0
849,9,21.540070856863657,565.685424949238,50.85438872374337,125.78908336794942,-14.04,0.0
850,10,19.37685947357524,692.8203230275509,48.7075453803124,125.535738850738,-13.99,20.65
851,11,17.032713331864954,772.7406610312546,53.55062178521902,128.2038885009593,-13.64,41.78
852,12,14.362612872693484,800.0,47.61272633648704,123.04655751405036,-13.29,55.35
853,13,13.600826080082344,772.7406610312546,51.83830834722,125.22629346031852,-13.08,43.15
854,14,11.42050424798986,692.820323027551,52.00116463608596,124.86562700994598,-13.09,13.98
855,15,7.358185894385053,565.685424949238,48.65875958184671,118.29790456628416,-13.25,0.0
856,16,5.507390389051386,400.0,52.78493060012866,116.23380297843003,-13.36,0.0
857,17,5.812157293495721,207.0552360820168,49.499906970802094,114.53082546395808,-13.44,0.0
858,18,4.4477769557190285,9.797174393178827e-14,50.57738725855972,114.10895374211252,-13.47,0.0
859,19,5.973673554864826,0.0,50.52064367754244,113.38212695937094,-13.53,0.0
860,20,6.542668983006914,0.0,49.7313825170589,112.42078955300384,-13.69,0.0
861,21,6.413188073137291,0.0,51.621616546319565,114.25673232261462,-13.88,0.0
862,22,11.547505201330058,0.0,51.58697744110442,114.43770986413128,-14.06,0.0
863,23,14.207687222070303,0.0,46.50293605352364,117.42647008740433,-14.25,0.0
864,0,14.387211309515614,0.0,52.6086804857563,118.32825271346172,-10.85,0.0
865,1,17.200488891089222,0.0,46.67501602392865,117.473534943622,-10.93,0.0
866,2,20.285865390724904,0.0,52.06509240868331,119.29807247942826,-11.07,0.0
867,3,22.405524601852505,0.0,52.25341027365516,120.3234229722321,-11.13,0.0
868,4,24.318798310517217,0.0,47.81806713956961,122.5252385876914,-11.18,0.0
869,5,26.66946280165703,0.0,49.178371424090834,125.01387643938028,-11.23,0.0
870,6,24.82305277250595,0.0,47.78859066302813,121.0132828983154,-11.2,0.0
871,7,23.860961018352228,207.0552360820166,49.57015793942253,124.60264451320802,-11.12,0.0
872,8,22.280934809829866,400.0,49.38393143162852,121.88671316333752,-11.06,0.0
873,9,21.340137771923555,565.685424949238,51.55932106453868,125.76186075237612,-11.07,0.0
874,10,19.9668730271262,692.8203230275509,52.62061749223922,127.38917484298013,-11.05,17.52
875,11,19.382748314543,772.7406610312546,52.79136762157991,126.61252916642728,-10.95,41.8
876,12,14.482388700963831,800.0,48.8756639468434,123.6115675776662,-10.78,46.22
877,13,12.635597500613692,772.7406610312546,49.58155625251094,122.95984727641826,-10.69,36.08
878,14,9.983577103927251,692.820323027551,46.6331236155581,121.68490559784031,-10.8,12.0
879,15,9.117325461582611,565.685424949238,48.38825986700762,119.61217542607564,-10.93,0.0
880,16,8.866678388029236,400.0,51.92970326619491,115.46193299726612,-10.89,0.0
881,17,4.809872964188997,207.0552360820168,53.23116564709646,111.94067174338136,-10.68,0.0
882,18,4.510560557481778,9.797174393178827e-14,47.53130225624015,110.85124296320316,-10.45,0.0
883,19,6.384902614178388,0.0,48.81507148169421,113.64199548250836,-10.22,0.0
884,20,7.021637451781926,0.0,49.94718848608215,109.37899915901954,-10.03,0.0
885,21,9.775639513870557,0.0,50.56032231763921,114.25028895623566,-9.87,0.0
886,22,10.58392818532596,0.0,48.38079296015671,114.1787508999182,-9.87,0.0
887,23,12.052517458187724,0.0,50.84812208892818,118.27838981419218,-10.02,0.0
888,0,15.590654830692309,0.0,49.052321305858165,117.02825895894848,-10.21,0.0
889,1,18.696894031608117,0.0,49.97109545824344,119.91714958456411,-10.42,0.0
890,2,20.820482181197363,0.0,51.0925684960074,120.84064049993135,-10.64,0.0
891,3,22.57834184297277,0.0,50.012844539621874,118.09589010969997,-10.89,0.0
892,4,24.72692872743354,0.0,49.12722821894686,123.34122083245374,-11.14,0.0
893,5,25.828553853336352,0.0,49.78078039214834,123.19352776328228,-11.38,0.0
894,6,26.382158991037528,0.0,49.82327408158933,123.91813727134851,-11.64,0.0
895,7,25.307968150480324,207.0552360820166,49.25997794023574,130.46588858376197,-11.93,0.0
896,8,23.49313595752753,400.0,49.4824078746658,122.51688014444905,-12.24,0.0
897,9,22.2177814982988,565.685424949238,53.19729434100943,129.99224884148532,-12.57,0.0
898,10,21.206508966508355,692.8203230275509,51.12183889588248,127.32465421360564,-12.9,20.67
899,11,16.771254780037975,772.7406610312546,49.40903936394168,126.42583522972436,-13.09,49.12
900,12,15.368673308872904,800.0,51.39390880902147,125.89485004828887,-13.18,58.55
901,13,12.018470736647432,772.7406610312546,49.33236102048798,122.96675968263678,-13.24,43.97
902,14,10.02874482293482,692.820323027551,52.346249275173285,121.55707610441944,-13.38,13.85
903,15,9.207384050741828,565.685424949238,50.739284384396186,120.90266625510206,-13.62,0.0
904,16,6.530845030175517,400.0,49.78539571199154,114.94674111247856,-13.57,0.0
905,17,5.387178285265466,207.0552360820168,50.89543385162055,116.06909702505968,-13.5,0.0
906,18,3.640143859020081,9.797174393178827e-14,46.858247695863,110.56742986135475,-13.37,0.0
907,19,6.086995303136536,0.0,47.74646506218039,110.89768665544382,-13.26,0.0
908,20,6.98523014329669,0.0,47.61214998720189,112.340025782095,-13.15,0.0
909,21,10.092186911439985,0.0,50.28588618952741,116.98899451891934,-13.03,0.0
910,22,9.692221765046996,0.0,53.46502999897018,114.7361142517932,-12.99,0.0
911,23,12.630959876638723,0.0,54.46260029238526,117.74568042411084,-12.95,0.0
912,0,15.249383683710755,0.0,51.27610220288152,116.78347786885848,-12.99,0.0
913,1,19.16564373078868,0.0,51.00168894988892,120.92004243025757,-13.08,0.0
914,2,19.904704467613048,0.0,46.39788453169452,120.26019074833071,-13.14,0.0
915,3,22.35008933763581,0.0,48.91465240053196,123.73088839886891,-13.23,0.0
916,4,24.268150547560925,0.0,48.42443249618352,121.55561585476836,-13.31,0.0
917,5,24.84586738604704,0.0,48.758304803497765,123.17757686085994,-13.35,0.0
918,6,24.55356638544947,0.0,49.66371236283042,122.35662697459924,-13.43,0.0
919,7,24.85334825578899,207.0552360820166,49.05581884460575,126.25219793043031,-13.65,0.0
920,8,24.73388578770416,400.0,46.04140037924842,124.49697438828868,-13.87,0.0
921,9,21.044552512454416,565.685424949238,51.49582051223507,127.59580257748252,-14.04,0.0
922,10,20.132969674146874,692.8203230275509,47.85451394852039,126.273544912878,-13.99,20.65
923,11,16.888069636086037,772.7406610312546,50.4784937282223,126.17085790833728,-13.64,41.78
924,12,16.195046628924842,800.0,54.14816533949995,127.06478510903496,-13.29,55.35
925,13,10.88862264419102,772.7406610312546,48.16123081682716,123.18232469041352,-13.08,43.15
926,14,9.441078152728416,692.820323027551,44.93942495450734,120.46228373285824,-13.09,13.98
927,15,8.30614406319905,565.685424949238,49.42799155623978,120.01759436709564,-13.25,0.0
928,16,7.905269991389955,400.0,52.20191926999714,120.76019593603768,-13.36,0.0
929,17,5.2749914760363295,207.0552360820168,53.91669490844119,116.9695616089494,-13.44,0.0
930,18,4.444800473306802,9.797174393178827e-14,47.54090081109516,113.03431228761778,-13.47,0.0
931,19,7.2218988065499055,0.0,50.99339844647304,113.12631980353376,-13.53,0.0
932,20,4.89173206173937,0.0,49.069379086439895,110.92588060581517,-13.69,0.0
933,21,5.730126231514441,0.0,49.78810329139173,114.2556346113922,-13.88,0.0
934,22,10.44001445005333,0.0,55.28868669403407,117.59181475262815,-14.06,0.0
935,23,11.909755324622171,0.0,46.99405934320969,117.56269554457953,-14.25,0.0
936,0,13.978767182869287,0.0,50.50747932298915,116.18490851707864,-10.85,0.0
937,1,18.29654689832456,0.0,50.93538634353087,118.99102773482792,-10.93,0.0
938,2,20.2438007137712,0.0,52.1715726498787,118.0969886430732,-11.07,0.0
939,3,21.50698918112875,0.0,50.19596630694179,120.20398119286142,-11.13,0.0
940,4,22.379949639173493,0.0,50.6161010790082,122.80805080125756,-11.18,0.0
941,5,25.531715591170823,0.0,49.21670286515642,121.9094552997744,-11.23,0.0
942,6,25.65020117795866,0.0,50.53825388249022,123.8934710582786,-11.2,0.0
943,7,24.560082399111295,207.0552360820166,49.31361544900518,123.92756199118014,-11.12,0.0
944,8,25.506891033892053,400.0,51.2431437797121,127.4881598152208,-11.06,0.0
945,9,21.00098304553932,565.685424949238,49.26077932791273,124.28796455312109,-11.07,0.0
946,10,18.474474829075263,692.8203230275509,50.75420078780437,126.44409497682489,-11.05,17.52
947,11,16.896282381143966,772.7406610312546,49.94147437263004,121.67713871905946,-10.95,41.8
948,12,14.954413983644503,800.0,52.252100501544334,125.64728285488816,-10.78,46.22
949,13,12.655148998297484,772.7406610312546,49.89721255282303,121.58871375445318,-10.69,36.08
950,14,9.758763942143672,692.820323027551,46.45393506358624,122.90736398888482,-10.8,12.0
951,15,8.280987584648825,565.685424949238,52.523843001427984,121.46822767124917,-10.93,0.0
952,16,5.088206537965171,400.0,48.18853539827476,116.88181682158664,-10.89,0.0
953,17,6.784506341182577,207.0552360820168,48.69246732270236,117.482808336691,-10.68,0.0
954,18,4.917848821607431,9.797174393178827e-14,48.80867741191302,110.79728511194908,-10.45,0.0
955,19,6.458037568697443,0.0,52.74887618634163,116.39983881849038,-10.22,0.0
956,20,6.682471308533319,0.0,45.72865157204261,113.88525331506575,-10.03,0.0
957,21,8.385685407288307,0.0,56.27549706731999,115.09310918627972,-9.87,0.0
958,22,10.5697672802322,0.0,52.112113618132106,117.41073658451695,-9.87,0.0
959,23,12.859518108992098,0.0,50.44647782825832,114.85961435153028,-10.02,0.0
960,0,15.642722759867544,0.0,49.89021199876743,116.56263253739576,-10.21,0.0
961,1,18.91734298115764,0.0,50.57110814971532,118.66000853566231,-10.42,0.0
962,2,20.19652116970147,0.0,51.04224485675868,119.51324299410643,-10.64,0.0
963,3,22.780071569453987,0.0,51.29043117190012,120.06328555496664,-10.89,0.0
964,4,23.57051834355716,0.0,51.111208932006896,123.84212555882294,-11.14,0.0
965,5,26.099375478340157,0.0,50.1791613625105,122.69723841111744,-11.38,0.0
966,6,24.32360769794073,0.0,49.60532315938535,122.61162593338275,-11.64,0.0
967,7,26.4601986958015,207.0552360820166,49.697453432692974,124.384615345639,-11.93,0.0
968,8,23.620096087200046,400.0,49.61018343929464,123.00117978063616,-12.24,0.0
969,9,20.640292709747428,565.685424949238,52.26754019373413,126.83559468070008,-12.57,0.0
970,10,20.12810441491079,692.8203230275509,51.18711344456173,124.3612956635136,-12.9,20.67
971,11,16.907138793550327,772.7406610312546,44.11922273067144,124.90186948409378,-13.09,49.12
972,12,15.840643548988728,800.0,51.31180155305952,124.13020952685706,-13.18,58.55
973,13,11.759185569672402,772.7406610312546,50.38947238943755,126.66580787188246,-13.24,43.97
974,14,9.553816566785224,692.820323027551,49.96258248710821,123.06467209435186,-13.38,13.85
975,15,6.039391457188998,565.685424949238,49.22296309382223,118.67977328375856,-13.62,0.0
976,16,5.887439642906537,400.0,52.248225439972025,119.28892492592968,-13.57,0.0
977,17,2.9168624104803604,207.0552360820168,51.89505292424572,112.63852018471088,-13.5,0.0
978,18,3.4160971765142767,9.797174393178827e-14,48.45424466435279,112.21411658913284,-13.37,0.0
979,19,6.101156393253612,0.0,50.81410457424907,113.51311476205468,-13.26,0.0
980,20,7.125546120806447,0.0,48.05668653091743,113.5701404885872,-13.15,0.0
981,21,8.354389749919488,0.0,47.24076367042214,115.53387785920432,-13.03,0.0
982,22,9.033023856870784,0.0,48.74656555082007,115.36456319276913,-12.99,0.0
983,23,12.364098192832804,0.0,51.72478694476552,116.96009197960704,-12.95,0.0
984,0,14.996397460909431,0.0,51.906250090752174,115.39711759426272,-12.99,0.0
985,1,16.429825761832664,0.0,51.02617084019459,116.98007760603603,-13.08,0.0
986,2,21.50339830176715,0.0,51.450191573696,120.8576740652292,-13.14,0.0
987,3,22.948430102441147,0.0,51.03235657422992,121.82074492748151,-13.23,0.0
988,4,23.43928986401472,0.0,48.717036809554095,119.76774670690727,-13.31,0.0
989,5,24.68614410188521,0.0,50.86384508934788,126.13335608217984,-13.35,0.0
990,6,25.20838280794755,0.0,51.60081905045536,149.24652088953823,-13.43,0.0
991,7,22.61752339446639,207.0552360820166,51.50858265962715,124.58420807056751,-13.65,0.0
992,8,23.413076655323792,400.0,52.37782674294929,126.29015896817737,-13.87,0.0
993,9,21.38908356386768,565.685424949238,51.41660769440213,126.31640411545492,-14.04,0.0
994,10,18.99837999010509,692.8203230275509,50.70289641508317,125.14009481831134,-13.99,20.65
995,11,17.307090158139253,772.7406610312546,52.14030047663285,126.92523256248704,-13.64,41.78
996,12,16.797686526849525,800.0,49.94695748150188,126.77486356993928,-13.29,55.35
997,13,13.052652410241802,772.7406610312546,48.23625069754456,122.03834209171993,-13.08,43.15
998,14,9.428821010217206,692.820323027551,49.67386607211248,122.07865157567396,-13.09,13.98
999,15,8.501514969490687,565.685424949238,48.510194710387104,119.37676210307804,-13.25,0.0
