timestamp,time_of_day,temperature,solar_radiation,flow_rate,pressure
0,0,15.496714153011233,0.0,52.798710873172006,117.29533183867845
1,1,17.449926149854022,0.0,51.84926736582554,118.87803854201884
2,2,20.64768853810069,0.0,50.11926073984035,119.15906653551848
3,3,23.594097668273502,0.0,48.706126444588854,121.07633182859595
4,4,23.426100663121048,0.0,51.39644662722718,119.15191765657528
5,5,24.425121305941502,0.0,50.786970770843496,122.68989536819886
6,6,26.57921281550739,0.0,51.790386440055464,123.64949190880812
7,7,25.42669299204359,207.0552360820166,51.27034360336394,123.81233463091247
8,8,23.190779651909438,399.99999999999994,52.09910543063867,127.00407941473108
9,9,22.61362785545144,565.685424949238,48.92952957687886,128.15592929903372
10,10,19.536582307187537,692.8203230275509,52.63478813126865,124.81211221356955
11,11,17.12246069745495,772.7406610312546,50.3951992093848,125.22358963306766
12,12,15.241962271566036,800.0,54.15052174525053,125.29737196015216
13,13,10.498529304316994,772.7406610312546,48.621624363820864,121.29114148357192
14,14,8.275082167486971,692.820323027551,53.471927606330496,123.00434209818272
15,15,7.366644658893557,565.685424949238,50.39582156692529,119.12860168416502
16,16,5.326914841821191,399.99999999999994,48.6971639927711,116.00611795749889
17,17,5.654989069704591,207.05523608201682,49.03222833189135,111.6986990154406
18,18,4.091975924478789,9.797174393178826e-14,49.35930538361136,112.8709760842755
19,19,3.9284380357740236,0.0,50.848331892803834,110.27499780416757
20,20,7.805394731077168,0.0,51.045670976071,114.20173050615229
21,21,7.703155887647987,0.0,48.85259999212284,114.03816334918585
22,22,10.067528204687921,0.0,49.95129081547803,117.06501015919754
23,23,10.987061362761327,0.0,54.28454071722373,114.38720822614674
24,0,14.455617275474818,0.0,53.455086340201426,113.38955767204645
25,1,17.69911304073507,0.0,50.87264733934806,119.2998603053677
26,2,18.8490064225777,0.0,50.0760069563364,122.14047137482241
27,3,22.44676583021115,0.0,50.240062653436524,123.12981497520204
28,4,23.05961534792558,0.0,51.227035945460834,122.08970398596689
29,5,24.367564513097406,0.0,47.95441486960319,121.03721095202128
30,6,24.398293387770604,0.0,49.48524692515331,123.30687997387193
31,7,26.511536447399617,207.0552360820166,46.66283185224482,123.19856765541222
32,8,23.646756813106457,399.99999999999994,50.798446245210556,126.69760430962968
33,9,21.013356882909576,565.685424949238,51.29439187940548,127.18061630557821
34,10,20.82254491210319,692.8203230275509,49.03362707540125,128.7365159626557
35,11,16.367346801054186,772.7406610312546,53.14797352658007,130.68016477452227
36,12,15.208863595004757,800.0,47.548468673995316,125.70274948306958
37,13,10.452139425095018,772.7406610312546,47.07125023958036,121.60428093221488
38,14,8.671813951101573,692.820323027551,50.44890363711995,121.3155294649623
39,15,8.125793424003653,565.685424949238,52.09419660522431,117.4849764252054
40,16,7.078212542151025,399.99999999999994,53.367855382915735,117.17060765102507
41,17,5.512110018299287,207.05523608201682,49.08223147426212,114.0291300076526
42,18,4.88435171761176,9.797174393178826e-14,52.15736166686259,112.0875155952765
43,19,5.039638041520027,0.0,49.92298306099858,112.73294794101032
44,20,4.861223971788187,0.0,49.65474540011836,111.12793116734446
45,21,7.209087979739814,0.0,51.767319874973346,115.63955396585129
46,22,9.539361229040209,0.0,51.30464575682684,115.03092036326275
47,23,13.468931775193699,0.0,46.847215686031504,116.08995854309524
48,0,15.343618289568461,0.0,52.95308069945179,117.77058320990521
49,1,15.825150295662471,0.0,52.760182708294906,118.69739771527868
50,2,20.324083969394795,0.0,48.74887459698094,121.14946430109504
51,3,21.68598553144916,0.0,50.79160706687482,119.7006188555332
52,4,22.98333203753843,0.0,50.98806037256548,120.70210335966941
53,5,25.27093455173155,0.0,50.52134753164781,122.28414773903035
54,6,26.03099952249595,0.0,48.89938969230916,120.77657131449999
55,7,25.59053838200688,207.0552360820166,48.6567532641239,123.36828541506614
56,8,22.82103651462175,399.99999999999994,49.948891858017106,124.6859653185973
57,9,21.76185543601426,565.685424949238,52.34545803851873,128.31845734627234
58,10,20.331263431403563,692.8203230275509,51.087200309188866,127.70511700131796
59,11,18.56373557814757,772.7406610312546,49.25877133582779,127.1514135336032
60,12,14.520825762154711,800.0,51.54339742129669,126.84543930858865
61,13,12.226150572310976,772.7406610312546,44.302914758739846,122.49500716561691
62,14,8.893665025993975,692.820323027551,52.297531400744205,122.42023929831468
63,15,6.732725564053858,565.685424949238,46.5205724424438,118.17249889060933
64,16,7.1522717845498125,399.99999999999994,49.275118117193735,117.82920303981311
65,17,6.69698176568014,207.05523608201682,47.760660210747716,114.09703729939241
66,18,4.927989878419666,9.797174393178826e-14,47.410637048558186,108.28789661150684
67,19,6.344274635001339,0.0,52.321653574757036,113.43504928917262
68,20,6.7013819872032485,0.0,49.06459759737622,115.29773271722678
69,21,7.283812433529398,0.0,50.69300776346143,115.16983087281938
70,22,10.36139560550841,0.0,49.90615884224163,116.6100257980893
71,23,13.949846115440753,0.0,50.95408165444624,119.01993547131895
72,0,14.964173960890049,0.0,50.15364378212051,117.64580212331128
73,1,19.15283410683921,0.0,47.43401555162286,119.35919372485257
74,2,17.380254895910255,0.0,51.99253363889428,118.16215633258244
75,3,22.8929703162407,0.0,49.01248683367737,120.77487324081525
76,4,23.747301106082556,0.0,46.8868362026805,122.17467451823408
77,5,24.360250912424814,0.0,49.143769678068175,123.81470604757926
78,6,25.0917607765355,0.0,53.001519581268624,122.93701489099998
79,7,22.67168934828979,207.0552360820166,51.70044348422699,123.07120183453334
80,8,23.440582150006875,399.99999999999994,49.30269573118428,125.5816221595252
81,9,22.42818038337722,565.685424949238,49.30148459136314,127.63305148284729
82,10,21.477894044741515,692.8203230275509,49.35672989756524,125.372714007959
83,11,17.069920232751564,772.7406610312546,54.153495967121685,123.6487944904068
84,12,14.191506397106814,800.0,50.763870904463104,124.42272210520865
85,13,11.910052505390256,772.7406610312546,50.860083294382136,122.02338088301286
86,14,10.915402117702078,692.820323027551,52.060566908063684,122.03580737426833
87,15,8.257683297794213,565.685424949238,50.47757831805303,119.6595410837739
88,16,5.809985758388576,399.99999999999994,49.48191570835859,116.12150340733149
89,17,5.854009170222673,207.05523608201682,49.607300301830044,117.09771830800364
90,18,5.0970775493480405,9.797174393178826e-14,49.856797481171874,113.01001541781187
91,19,6.309386727642204,0.0,49.92555552698032,113.5905160086334
92,20,5.637692868278262,0.0,51.45525908727396,114.04320896765904
93,21,7.601270041536755,0.0,50.1038917716146,112.11316369842015
94,22,9.607891846867838,0.0,51.465280154431156,116.65566963545055
95,23,10.948294600842665,0.0,49.838566839782835,115.3282142385747
96,0,15.296120277064576,0.0,50.157270380632184,118.68523514052055
97,1,17.849245723205094,0.0,46.003598630935784,116.51755673822947
98,2,20.005113456642462,0.0,51.832655349404966,118.03844964917812
99,3,21.83648067849033,0.0,50.692976951795984,122.2836702166419
100,4,22.244883295793972,0.0,51.996020219719306,122.08625998098714
101,5,24.23861294012532,0.0,44.20748924361262,119.60772698724892
102,6,24.65728548347323,0.0,54.17674940956145,121.85949800173687
103,7,23.85698099366906,207.0552360820166,49.72082074368965,125.63135918301477
104,8,23.498968326178378,399.99999999999994,52.216365633475036,124.40863945048321
105,9,22.475118668680015,565.685424949238,47.92018814574894,128.94246064286614
106,10,21.88618590121053,692.8203230275509,51.22554781012514,126.76547464093397
107,11,17.762768263857048,772.7406610312546,47.89316887365269,127.14501240538418
108,12,15.257550390722766,800.0,48.75246207860839,124.88633989745959
109,13,12.337363633208625,772.7406610312546,53.82806270773357,125.56648211508708
110,14,8.081228784700961,692.820323027551,49.61863519847331,120.07637365914935
111,15,7.902418312685312,565.685424949238,50.43486574635945,119.45084719599849
112,16,6.399976172096641,399.99999999999994,51.740135461377506,117.60939394141741
113,17,7.803983849594603,207.05523608201682,50.99136377594521,114.6675358571343
114,18,4.807639035218878,9.797174393178826e-14,50.300837810287156,113.57522359779705
115,19,5.642289079442928,0.0,50.72992200493245,112.19730859100058
116,20,6.305034192450371,0.0,54.80683117047655,113.77098345731046
117,21,6.7602541505149905,0.0,49.88476240593283,111.86555549453129
118,22,11.142822814515018,0.0,50.40219809342994,111.80835053775053
119,23,13.163742581661557,0.0,52.101308792015224,116.71559140533357
120,0,15.791031947043047,0.0,52.21105186591597,121.9566494791241
121,1,16.678802996230466,0.0,52.37406061112076,119.99112005218642
122,2,21.4027943109361,0.0,51.27746044405837,120.92799867467814
123,3,20.669216749073193,0.0,47.713990174539035,119.483070165632
124,4,24.247111131644655,0.0,53.26686306460219,122.81062701796084
125,5,26.84971388870066,0.0,47.707309213962624,123.78699745990566
126,6,24.009463674869313,0.0,50.60527093047806,120.35456680056701
127,7,24.092960533287908,207.0552360820166,48.491448299961284,125.48680482945969
128,8,23.75990540293203,399.99999999999994,49.87172330681401,126.92736933599068
129,9,21.567592157749278,565.685424949238,50.65752482060696,127.64943388105031
130,10,18.449336568933866,692.8203230275509,50.64271443090055,126.93912800913715
131,11,17.656753425831237,772.7406610312546,50.84384150847057,126.75397661146326
132,12,13.937696286273898,800.0,53.227422538117295,126.62362450471065
133,13,12.885401979609973,772.7406610312546,50.90706860302796,125.23924252133519
134,14,9.0805757657662,692.820323027551,49.511686729418706,120.83976739263082
135,15,9.478866593152068,565.685424949238,51.92817433657672,119.92151975403841
136,16,5.556492669819377,399.99999999999994,52.37894097784928,117.40681897337252
137,17,5.018680220903642,207.05523608201682,47.54478436972602,116.41237957245998
138,18,5.81351721736967,9.797174393178826e-14,51.194800139699716,111.28705802314393
139,19,4.10987742067536,0.0,51.4023454846218,110.13411990863338
140,20,6.567205896759744,0.0,49.404872993280016,113.41171880889064
141,21,9.23607494241695,0.0,52.75141362662324,115.24465174931716
142,22,8.392516765438769,0.0,49.69988882593495,114.39624864446199
143,23,12.596443407507088,0.0,50.251152906943084,116.7143820820049
144,0,15.259882794248423,0.0,49.65385635143226,117.22590928545846
145,1,18.370013322802517,0.0,50.03115809516294,121.42603343833697
146,2,18.763049289121916,0.0,47.8074498262096,116.5416586420881
147,3,20.7506111987812,0.0,47.11989823481141,118.55653970918252
148,4,24.182195603461285,0.0,53.18901012644994,122.57401768679705
149,5,24.956242936123868,0.0,48.306077303363345,119.67455371200334
150,6,25.250492850345875,0.0,48.01721530108738,121.9649078787423
151,7,25.005706472387658,207.0552360820166,45.693219772792574,126.20425480016453
152,8,22.9802293162659,399.99999999999994,48.72207650462099,125.26585969150109
153,9,22.30332150902648,565.685424949238,47.353820413185005,126.62533044522065
154,10,20.293072473298682,692.8203230275509,53.28403032027274,125.84129838322053
155,11,16.87383903299884,772.7406610312546,52.019634178685266,125.6437108504898
156,12,16.865774511144757,800.0,48.62369930964455,125.59483254701539
157,13,12.88564246988658,772.7406610312546,54.50487161068862,124.59462952225921
158,14,8.808696502797355,692.820323027551,51.96353097398319,123.64772336897649
159,15,8.585485796768358,565.685424949238,49.35033723298275,120.6562011855608
160,16,5.365064291928293,399.99999999999994,45.00118857025285,114.01558292460916
161,17,6.127826340851769,207.05523608201682,54.58188514518148,116.42059972793035
162,18,6.158595579007404,9.797174393178826e-14,47.22085506647281,113.27080142554344
163,19,4.520059418757604,0.0,46.709202506086214,113.31209376837795
164,20,7.303122091399937,0.0,52.04514086401928,116.43140024835638
165,21,8.341713115071022,0.0,54.87950481267855,113.62411623232941
166,22,10.822060159994486,0.0,52.768545637021035,114.74845294058595
167,23,14.30860253162873,0.0,51.127818240104716,115.49349812546339
168,0,14.75461188399713,0.0,51.18950868333057,117.26417789000422
169,1,16.834454286667714,0.0,51.70683111756062,119.45813092851549
170,2,19.110485570374475,0.0,51.51785717957353,121.33981599598559
171,3,21.25525752690004,0.0,50.56238284793875,120.62617879757398
172,4,23.58315232843028,0.0,50.20840220790375,121.35348532091363
173,5,25.000410237707325,0.0,49.87481374420096,122.70280485606695
174,6,25.27669079933002,0.0,48.49207082226665,121.0840452116733
175,7,25.486441511926706,207.0552360820166,49.43864984626645,127.83581116857897
176,8,23.673255929722295,399.99999999999994,46.61408637160923,122.74795369850591
177,9,23.524601889022794,565.685424949238,49.8033207464105,127.65693021162946
178,10,19.735343166762043,692.8203230275509,48.022817785698166,129.43584769964065
179,11,20.308359617614826,772.7406610312546,47.79282136556846,127.45035045907365
180,12,15.625667347765008,800.0,50.35978830230696,125.59973278184167
181,13,11.55465199255851,772.7406610312546,52.7840045726892,123.525365386914
182,14,8.92910750193889,692.820323027551,51.83663321200463,121.48949610100227
183,15,8.411404603377715,565.685424949238,46.858998792753646,121.29362902174677
184,16,6.116283176829763,399.99999999999994,48.02074372685932,113.34449746679249
185,17,6.054742231201409,207.05523608201682,51.88154237597643,117.77438250356064
186,18,5.473237624573545,9.797174393178826e-14,48.03502521292338,110.20768812619623
187,19,5.267912824452442,0.0,49.55073370000595,112.1441246583758
188,20,5.49295224408721,0.0,51.1001041980491,112.32263033120543
189,21,6.4140849634486585,0.0,48.06331109027273,113.70253460443494
190,22,9.553485047932975,0.0,50.21075101229192,112.42170619859925
191,23,13.268208343298255,0.0,47.33194901016359,116.79375297280477
192,0,15.214093744130205,0.0,48.79726471209757,120.4029642494149
193,1,16.342451672313217,0.0,50.63956386828507,116.25437760292441
194,2,20.17318092585118,0.0,46.81401253293666,119.7339522209285
195,3,22.45638519159431,0.0,50.8809494759208,120.4114092242864
196,4,22.776396601643253,0.0,49.96072440214664,122.01917399054052
197,5,24.81298336883621,0.0,51.104979908834295,122.65620933230859
198,6,25.058208718446,0.0,50.44782826812932,121.6564396492824
199,7,23.51628796506006,207.0552360820166,52.72828085994769,125.10616094264634
200,8,24.018041398192672,399.99999999999994,50.25044900529581,128.7656326648356
201,9,22.63185233823371,565.685424949238,49.141188917749496,126.51466251456819
202,10,21.083051243175277,692.8203230275509,50.244595006064564,128.59828476629832
203,11,18.641992503060113,772.7406610312546,51.08659605807278,125.32581263665041
204,12,13.62233063204291,800.0,50.09772014065141,123.39605477892474
205,13,11.47398450905967,772.7406610312546,50.081183382407765,124.1892449581445
206,14,10.515035267208663,692.820323027551,48.596016624386486,124.1310982315611
207,15,8.442718139046738,565.685424949238,48.6741981648981,120.14647297517388
208,16,6.854793648461662,399.99999999999994,47.19478945640061,116.39676766972622
209,17,9.193473227764038,207.05523608201682,53.49915348637388,117.36605678011199
210,18,5.570890510693167,9.797174393178826e-14,47.51227352921743,110.41228836023551
211,19,6.476307377289914,0.0,48.61418960440818,113.86776459905964
212,20,7.293747725648817,0.0,48.563185468861604,114.68301055008183
213,21,8.58032343944032,0.0,51.78984875388888,113.96999597124831
214,22,9.68473075535965,0.0,49.410100643415944,114.01932228472377
215,23,13.17077876946805,0.0,52.49548414534747,117.4833035582816
216,0,14.227174785462427,0.0,48.65301875151226,116.18911153897278
217,1,17.351371844285197,0.0,50.55798832444761,118.6880846650934
218,2,19.514636452170897,0.0,48.32930589348049,122.5727620885313
219,3,22.152941951251798,0.0,54.29029825554677,121.56399207561626
220,4,25.974912604517893,0.0,47.624803161940974,121.97490670661531
221,5,22.791993070298933,0.0,50.61964142045405,120.54861211078753
222,6,25.686260190374515,0.0,51.2675537618642,124.21292880481002
223,7,23.04654239170103,207.0552360820166,50.827598194903,123.48750693582411
224,8,23.188322172054956,399.99999999999994,49.62942468224458,124.54598646499427
225,9,23.16001840883284,565.685424949238,49.74035860053315,129.16689122242497
226,10,20.064280019095463,692.8203230275509,50.087622943958216,129.10727233538535
227,11,16.5104456730959,772.7406610312546,49.70599599674302,125.02319329760103
228,12,14.284696290740033,800.0,51.92775823358982,122.72808986504707
229,13,13.091407297909468,772.7406610312546,54.4210460031827,126.66858999465919
230,14,9.269633368282866,692.820323027551,48.88501642998433,120.3130784617738
231,15,8.145390777716504,565.685424949238,47.260394040841845,120.36756684526316
232,16,6.385317802059428,399.99999999999994,49.823435903297494,114.20219035512146
233,17,4.6891413895035,207.05523608201682,55.159418675308636,116.78590279808262
234,18,7.143944089325325,9.797174393178826e-14,48.39265086406054,111.4337443235536
235,19,5.974660759427326,0.0,53.27823361088814,114.73912328049107
236,20,4.314603375498008,0.0,53.35540162815288,112.84979161513424
237,21,8.11538650290395,0.0,48.89282351658401,112.40534882567381
238,22,9.338213535231608,0.0,51.13796615837055,114.28614552989974
239,23,13.264242883771008,0.0,53.256793246257075,118.31295777657198
240,0,14.207479261567299,0.0,49.24174451802502,117.1109302140615
241,1,17.473454009558306,0.0,49.59283927979528,119.53191433144694
242,2,20.504987278980458,0.0,48.83663817210271,122.98448215068399
243,3,22.936823006035596,0.0,47.97048653861427,118.71614639317406
244,4,22.459957630788608,0.0,48.70144490986799,123.39608665982085
245,5,24.32475702704973,0.0,47.55211946647549,121.82933631310479
246,6,24.525054688839045,0.0,50.06816693651845,120.92798465923853
247,7,24.00592903031697,207.0552360820166,48.460053537882715,121.7700571449467
248,8,25.425708278125487,399.99999999999994,50.467571823581494,126.5226879176135
249,9,22.476049522826433,565.685424949238,46.888208707592746,127.65499592031082
250,10,18.739116045664954,692.8203230275509,50.661760464428916,126.23878966542748
251,11,18.506052398079984,772.7406610312546,51.66705792321785,129.58057678936711
252,12,17.122156197012636,800.0,46.01252871485709,123.58682030640038
253,13,13.44427480952594,772.7406610312546,50.74811313969514,124.58103322124546
254,14,8.48063003404599,692.820323027551,52.45533798494658,119.78099567766816
255,15,7.444698115268277,565.685424949238,47.58071796261759,119.44079472358749
256,16,7.606657111342237,399.99999999999994,53.34514477367541,119.80268859555215
257,17,4.633072271490536,207.05523608201682,50.83803801873209,113.92355340979027
258,18,5.443819428146228,9.797174393178826e-14,48.589976288483186,108.53358418682906
259,19,6.115375790538652,0.0,49.888461844684585,113.33380248440098
260,20,5.412815490577532,0.0,51.11665382504344,113.58484633789772
261,21,7.869406832072722,0.0,50.152010782824824,114.57154770504387
262,22,6.758732659930924,0.0,51.07751198489274,115.44854201467724
263,23,11.387421907640494,0.0,48.158652813841265,113.71886099711493
264,0,14.74743184860684,0.0,50.33872164807216,118.46178441209352
265,1,16.340407269060357,0.0,47.17257100619004,119.39347910448515
266,2,21.632411303931637,0.0,49.7775478773026,118.10383385141657
267,3,20.64092643390484,0.0,48.19218471707042,120.43837789924498
268,4,23.220209551147402,0.0,48.528940114820465,120.55962305202628
269,5,24.78999884017677,0.0,52.47218635042088,122.76715268052008
270,6,26.441273289066114,0.0,52.18262024118854,124.17867541807826
271,7,23.223396111711242,207.0552360820166,51.21827624181435,123.19506281886834
272,8,24.823417789999347,399.99999999999994,47.815374470654845,124.96122167038823
273,9,22.081300872885063,565.685424949238,49.3671831006104,126.62216993228903
274,10,19.01849134895205,692.8203230275509,52.42619539995837,125.291819076449
275,11,18.05029392528848,772.7406610312546,50.28343382727981,125.18050264508497
276,12,15.199059695573471,800.0,54.63865907996339,127.54632158821418
277,13,11.811592671815998,772.7406610312546,50.78663567878874,122.0673390292403
278,14,10.069802084990023,692.820323027551,50.384098232980065,123.03939267073035
279,15,7.543618591272769,565.685424949238,49.381767071595,119.9989038987287
280,16,6.453263307406862,399.99999999999994,50.267081809564566,114.69133792243045
281,17,6.002872411630364,207.05523608201682,49.69506032723891,113.99465365357966
282,18,6.586016816145352,9.797174393178826e-14,51.41621735337718,115.36741598331916
283,19,4.102926238282466,0.0,51.91340463358917,110.96239574914955
284,20,8.47277933681188,0.0,48.4280210789841,113.22538749073867
285,21,5.976844388612021,0.0,47.33753409288445,113.14902035276074
286,22,9.848214904964413,0.0,46.327589253793406,115.36471106716478
287,23,13.00012675545936,0.0,51.015982653825084,116.32595157942794
288,0,15.280991867735032,0.0,47.79326678765225,116.30288399936049
289,1,16.965490931204613,0.0,45.69421881409504,119.75514402096907
290,2,19.791877749642726,0.0,50.777157209061926,122.65971981233012
291,3,21.57806687720664,0.0,54.98599903486558,123.25452032174914
292,4,23.070889280900175,0.0,49.98785817692021,121.66099348968167
293,5,25.508860359911704,0.0,51.676981548903285,121.87742790727512
294,6,25.357015485965047,0.0,50.16365871709513,121.46557287656671
295,7,23.966348667630026,207.0552360820166,49.80222069361771,124.79794199125736
296,8,24.55985391327764,399.99999999999994,51.83815296597554,127.27515488116694
297,9,22.378367332742084,565.685424949238,49.4194509116227,128.8323259876076
298,10,20.81286211883896,692.8203230275509,50.534784628143804,128.41726635412797
299,11,18.21781929294882,772.7406610312546,50.64339561239203,124.71037492662563
300,12,14.171004989077929,800.0,48.6638190927139,126.39618773966612
301,13,11.851628508777823,772.7406610312546,51.984084699073044,122.55294686354445
302,14,10.747293605123266,692.820323027551,49.650080486609184,121.65590922223046
303,15,8.539302453567993,565.685424949238,48.488509681014314,119.99950772185677
304,16,6.318844368191466,399.99999999999994,51.07301968714081,120.36752735619984
305,17,5.458069120418099,207.05523608201682,48.20306403641793,119.10507756232084
306,18,6.2776648957884245,9.797174393178826e-14,50.05636231473826,114.06018949954614
307,19,4.749170348273485,0.0,49.98176200671159,112.09614264739848
308,20,6.886843343325652,0.0,52.171791131663156,114.67953837071629
309,21,7.726739535700629,0.0,50.949396465759904,115.38473219981306
310,22,9.782318796772776,0.0,49.94994608250971,114.40014717655255
311,23,13.510586400961973,0.0,51.63553259840057,119.77521675402959
312,0,15.82541634898803,0.0,52.780415098034624,118.81389733288805
313,1,18.401700087025844,0.0,51.11562061270372,120.17058879969078
314,2,21.30547880715433,0.0,50.02070523968676,121.6557668295962
315,3,22.092071653498234,0.0,47.37632753529968,121.15368124973074
316,4,24.34220700913935,0.0,47.869772673849255,123.00346879004394
317,5,24.348991506297224,0.0,49.389550591290664,121.12652609158636
318,6,25.324166352488444,0.0,48.78097559568143,121.58082566446146
319,7,24.529115208522995,207.0552360820166,49.62605739402911,122.61009009442994
320,8,23.757250002837107,399.99999999999994,50.11329984979422,126.56053681730775
321,9,22.66622483730239,565.685424949238,51.05938550871346,128.37024852515447
322,10,19.181779316766526,692.8203230275509,49.85900244388182,127.17755267666297
323,11,19.68057772671067,772.7406610312546,50.9730032876524,130.27403478121968
324,12,13.9939826185003,800.0,50.12894882962024,125.01438704693062
325,13,11.197620936187061,772.7406610312546,46.049066867292254,123.5391429352533
326,14,11.158110873500071,692.820323027551,48.12132921236249,120.49397319528907
327,15,8.720594882097465,565.685424949238,49.71182488855677,119.37886711454087
328,16,6.96386577920777,399.99999999999994,47.58061051431778,118.0413616288161
329,17,5.969087246373597,207.05523608201682,51.19985745999241,116.56872064212017
330,18,4.987753227153085,9.797174393178826e-14,53.0615016646874,112.66522652501776
331,19,4.443487365623484,0.0,52.43752370339463,112.60184954570357
332,20,6.415550520349341,0.0,49.57311425813958,110.84558749178139
333,21,7.251770476622411,0.0,52.9814522736999,113.68663189184129
334,22,10.975119733417747,0.0,50.297334914404225,116.88260159486941
335,23,12.264752167472645,0.0,49.32582805776392,116.86034921944895
336,0,14.174502803207488,0.0,48.77319467291812,117.59288891825918
337,1,17.266804609372212,0.0,49.395060627023746,118.58707496086228
338,2,20.412931454275625,0.0,49.22364636291754,120.06178973766359
339,3,21.5073432590615,0.0,50.34083244475097,119.83135640927077
340,4,22.838033642277953,0.0,50.32114796209973,122.53148904386273
341,5,24.902945474382594,0.0,50.00609204030683,123.08415056183674
342,6,25.244966571108723,0.0,50.873876339492696,123.5352868254421
343,7,24.15231508751955,207.0552360820166,52.381292549572684,123.8339161504931
344,8,23.189215732226067,399.99999999999994,51.89910827088265,122.7444151404827
345,9,22.303117749223112,565.685424949238,47.03020406310019,127.86018300435451
346,10,18.551915658502676,692.8203230275509,44.89215773019609,124.46433642155347
347,11,16.180726676648653,772.7406610312546,51.86863982247855,124.8973342670679
348,12,14.281555778747565,800.0,47.26624260316916,125.6342447778786
349,13,12.198362397262946,772.7406610312546,49.550469196214635,123.14866268830825
350,14,10.310907565598008,692.820323027551,47.659773947881284,123.2055163787207
351,15,9.404288405084081,565.685424949238,46.39603912483996,120.56371520136747
352,16,7.197405585357634,399.99999999999994,51.082925456409576,118.84064186876145
353,17,5.18080320714589,207.05523608201682,51.518310320605295,112.91568246171337
354,18,4.9809837920973115,9.797174393178826e-14,48.84697919854656,114.07780371383757
355,19,4.3382123724715065,0.0,44.81791541571018,111.52456506622858
356,20,6.321232826163224,0.0,48.90751110349503,112.38820292491131
357,21,7.640273549214385,0.0,50.7836080108051,114.19194107778158
358,22,10.322718560338085,0.0,47.04217686245174,111.9054418033119
359,23,11.584578605422461,0.0,50.366719839558314,116.4786124878439
360,0,15.519346514241173,0.0,49.969380301654006,116.20949205517827
361,1,19.120929364027784,0.0,51.158582999202174,117.76317585308902
362,2,19.891239851543144,0.0,50.2391607368283,117.7099132938104
363,3,22.472779533964417,0.0,48.053862118236886,122.51619475311448
364,4,24.3503980295555,0.0,52.39314300332898,121.70993252490436
365,5,24.258037791004845,0.0,49.68294085394606,124.36619863116638
366,6,25.224092481810416,0.0,49.94539092098014,121.7974222305228
367,7,24.671850663672476,207.0552360820166,48.13346408185361,121.4721335726377
368,8,23.75793013639322,399.99999999999994,49.113435497616976,124.02686550779701
369,9,21.298058028010008,565.685424949238,48.2303945719462,127.80567960789703
370,10,20.024510174258943,692.8203230275509,49.654107880153155,126.63743262653061
371,11,18.086188742270657,772.7406610312546,53.42341696028468,126.63275342876891
372,12,16.451143607795043,800.0,47.256197714137286,125.91683868550416
373,13,13.37108037506,772.7406610312546,46.77287720424652,124.52019634294315
374,14,12.15318245751156,692.820323027551,52.94234065498722,125.26936081388241
375,15,7.16158462524648,565.685424949238,49.58135264569627,121.32666593609427
376,16,7.212066598876293,399.99999999999994,48.661854522680166,116.79875123529057
377,17,5.524083742847669,207.05523608201682,52.079809374792156,113.25948457807938
378,18,7.189802933217672,9.797174393178826e-14,48.78876892052627,112.73245750902917
379,19,4.532443451754164,0.0,53.652019427093876,113.3870463711702
380,20,5.500024119974839,0.0,51.35585174267854,111.57554401920721
381,21,7.329539542690501,0.0,49.024177183708595,112.0338788357444
382,22,7.87610427569019,0.0,54.314616426531,115.31665724547612
383,23,11.886054527294023,0.0,48.78857015399333,115.62776276709
384,0,14.240867338446302,0.0,51.48419074401861,117.46646731114426
385,1,17.738584237501414,0.0,50.59858516081298,117.8512661488632
386,2,20.341755975777158,0.0,52.603482578797596,120.34597343233945
387,3,23.947238651081364,0.0,53.1230223934537,121.21187408782896
388,4,24.610677876030437,0.0,50.06400829813153,123.6534382143287
389,5,24.08235460722828,0.0,48.49316425930763,123.2926841575613
390,6,24.10158532865164,0.0,50.91994428587823,119.46549972814434
391,7,25.151177434397187,207.0552360820166,48.644569260495786,122.98078863982931
392,8,22.340020830823747,399.99999999999994,54.026774495053246,123.7305714317874
393,9,23.90252657771983,565.685424949238,50.27307066216547,126.68769576917504
394,10,21.17944012072129,692.8203230275509,49.26935689737578,127.24663771542578
395,11,17.119014798920503,772.7406610312546,50.36936061172982,124.18631830257095
396,12,13.286865470909124,800.0,47.305747420940605,122.72179249995473
397,13,13.765681923140205,772.7406610312546,48.0567719229787,122.71566589835614
398,14,9.885460154747385,692.820323027551,52.40082781588885,122.6619998649254
399,15,9.16674850010799,565.685424949238,48.68621144205721,120.08148729351218
400,16,4.745318303361247,399.99999999999994,47.90617803463612,114.87128842860197
401,17,4.741366714155545,207.05523608201682,51.07330550505457,114.92112812711795
402,18,5.005243699718183,9.797174393178826e-14,52.37140830932599,112.1568833848434
403,19,5.387722330874057,0.0,51.437906621330136,112.57395982421397
404,20,5.889680490676371,0.0,51.99209537161163,115.85343745510832
405,21,8.551782120482022,0.0,48.48640982286108,115.98386460249874
406,22,8.932379570617401,0.0,47.15637866651631,111.94809366322058
407,23,12.26943006395349,0.0,53.002667303910975,117.97984711957768
408,0,15.1202956317119,0.0,49.35464032231573,118.64817071205648
409,1,18.102629285083953,0.0,49.498333967089906,117.22858650283104
410,2,20.71161487808889,0.0,52.656388283698114,122.11525156141634
411,3,20.946425720027605,0.0,51.11246001880132,123.00260274139289
412,4,22.126139867108762,0.0,50.91177554416321,119.56160783302039
413,5,25.93693508478919,0.0,54.330004689802166,122.45821424883363
414,6,25.33231401197959,0.0,48.712963539239716,123.93524191410299
415,7,23.910771726334126,207.0552360820166,51.85568025616247,124.8043172414582
416,8,25.21140601336691,399.99999999999994,50.11402624979417,127.45572266950158
417,9,22.186742446158334,565.685424949238,50.53718455772651,127.3685462087176
418,10,21.179297184063827,692.8203230275509,53.05693685282506,128.71528307426465
419,11,17.655708932435317,772.7406610312546,51.015671512579246,124.76868718657943
420,12,17.060747924881987,800.0,51.07659215809927,128.316668953993
421,13,14.167150391417998,772.7406610312546,52.1450146746196,126.99436972958713
422,14,9.75103585152093,692.820323027551,49.27009454091423,121.31365394811678
423,15,8.900503139088885,565.685424949238,48.32158066532199,119.70620652738044
424,16,6.985121911740762,399.99999999999994,47.91038161195793,114.77797602442838
425,17,6.709373294641666,207.05523608201682,46.067286821248,115.41007850641736
426,18,4.0350765394198955,9.797174393178826e-14,54.112414259880644,113.69810728425729
427,19,6.026793197107755,0.0,47.79358326855663,112.47882672676624
428,20,7.398170449005202,0.0,49.55749275282846,115.29711381487405
429,21,6.170192701711408,0.0,49.44637340022216,112.47325518443023
430,22,8.816741487334221,0.0,50.6148133956182,115.37824231163115
431,23,10.372577371214684,0.0,51.63147442507859,113.98308706258489
432,0,14.730593165555442,0.0,51.72094697671949,117.67415775181026
433,1,18.305732706821168,0.0,48.83384512286212,118.65810399112875
434,2,21.502357052096027,0.0,49.66575657242718,121.02229172359486
435,3,22.14516259228525,0.0,50.565159900976596,120.6313228830879
436,4,25.28886958341568,0.0,49.502617747632904,122.34774944772691
437,5,23.27915680467579,0.0,53.21469115203998,123.52158738990813
438,6,23.296617560644844,0.0,50.9819499032765,121.1895524051204
439,7,24.603710563994063,207.0552360820166,51.469755572099636,122.25649310612911
440,8,24.044319486783696,399.99999999999994,51.325762537334825,128.91168810716695
441,9,22.03837306377138,565.685424949238,52.34694771497065,129.21761144240796
442,10,17.932557899960123,692.8203230275509,50.36204311740742,124.02849676107863
443,11,17.49907041151242,772.7406610312546,47.406336104088304,126.99277074475421
444,12,13.695530499495149,800.0,50.799375903505286,124.2531782746216
445,13,13.08148209780483,772.7406610312546,48.697286212416344,124.40283572469482
446,14,10.366598246096851,692.820323027551,48.94276663650049,122.34139187414428
447,15,6.989052401807173,565.685424949238,51.17272803751019,119.03431435742354
448,16,5.825879044818921,399.99999999999994,52.47656614286727,116.23260425260331
449,17,4.281528215220366,207.05523608201682,50.042543153472124,113.18401352065038
450,18,4.937320902726828,9.797174393178826e-14,50.61766602519793,111.21790578318114
451,19,6.295884057610554,0.0,53.404429889270475,112.58109469431369
452,20,5.3540199158200705,0.0,50.481506358977136,112.67254379463142
453,21,8.432978703652367,0.0,55.20336622836079,114.18352261383221
454,22,9.469742381627556,0.0,51.13101929126309,115.98415314763533
455,23,11.61893671671244,0.0,46.478474481688366,117.33603248769778
456,0,14.892969640045441,0.0,51.506683242209064,116.87774160640947
457,1,16.55294812860583,0.0,50.762316769765555,118.78804416905909
458,2,19.446350694652818,0.0,52.57950550816549,120.9886041144139
459,3,20.873189919276626,0.0,51.34636270253991,121.4138709065252
460,4,25.624979170760774,0.0,49.72308803203245,122.87104009366102
461,5,24.69452181486241,0.0,47.55140352742127,122.97156524045504
462,6,24.300274492007414,0.0,49.58195348542795,122.78990137211028
463,7,24.8732381736249,207.0552360820166,48.2989590915814,122.31046963245797
464,8,23.54792598815356,399.99999999999994,48.838953100390555,126.84548771073881
465,9,21.850098212332252,565.685424949238,51.17715680884122,128.14827097332687
466,10,20.614166700043427,692.8203230275509,53.339809008702815,126.75831922576991
467,11,18.345698161072516,772.7406610312546,50.789343059645965,127.11503105594939
468,12,14.469498852389474,800.0,47.60823387592963,125.78138969059727
469,13,11.835991308330113,772.7406610312546,50.889205336440284,123.5092726023966
470,14,9.72494830284836,692.820323027551,52.3932629732913,123.87879704800697
471,15,5.6270110233989445,565.685424949238,48.78043419136124,121.77225534139315
472,16,4.824554899957063,399.99999999999994,49.73196566665416,115.17969153435689
473,17,6.7076160045538415,207.05523608201682,50.02937638945839,113.35866873625811
474,18,6.644967713501284,9.797174393178826e-14,48.43020337383552,113.46425242492505
475,19,5.091705697552937,0.0,51.29656086768772,113.88750878000323
476,20,6.916302925211381,0.0,49.75810370278444,113.06347264239542
477,21,8.24018234267806,0.0,50.839064887814054,116.4677951438834
478,22,13.078880808455235,0.0,48.225015644395796,114.17653483352191
479,23,13.53138446040936,0.0,49.12508339935318,117.63008684462272
480,0,14.872082408519233,0.0,51.44476271565554,116.81620251625239
481,1,16.63265001042478,0.0,49.25433369581646,120.74625860368663
482,2,18.39355367974243,0.0,53.453927702466814,122.87633541011677
483,3,22.2745314477327,0.0,49.20072762877079,119.82742636794548
484,4,22.90390329256008,0.0,50.44936945150377,120.71748983271792
485,5,23.23700455329301,0.0,51.86518166374618,123.28092043986545
486,6,24.353427115757473,0.0,47.163268534133934,121.02867129002125
487,7,23.577710259276287,207.0552360820166,46.47838237603845,123.08696713876763
488,8,25.347395672916953,399.99999999999994,46.94868737085981,126.10151794144406
489,9,22.952707568814926,565.685424949238,52.52516820685437,124.75873194097423
490,10,19.992027358683384,692.8203230275509,48.89628370821511,126.68271703211887
491,11,19.068134589915235,772.7406610312546,55.116398571336504,127.25016195844121
492,12,15.07736830764762,800.0,48.87150480268522,124.5733008807612
493,13,11.550525347646529,772.7406610312546,50.36910260639407,125.74193781061784
494,14,11.52312407726966,692.820323027551,53.084219905135754,121.42184890851861
495,15,8.467842231819187,565.685424949238,54.01218577631825,121.9130203007876
496,16,5.302499807829158,399.99999999999994,54.123007153272795,117.05740693907143
497,17,5.150403059025709,207.05523608201682,52.416732461186285,114.70946012982654
498,18,4.124381746615243,9.797174393178826e-14,52.048125051622925,113.65737372770978
499,19,3.9579420061449793,0.0,51.185053898402366,112.7260587246063
500,20,7.265923509687256,0.0,51.55672215233328,114.8002256811396
501,21,9.838348828604653,0.0,48.897628567342935,116.15097711857021
502,22,8.601432426180855,0.0,48.36360223315538,113.47647408494652
503,23,12.974778785665354,0.0,49.993251085178095,115.56768450810668
504,0,14.349357430878174,0.0,49.65963075495014,115.4788790765924
505,1,17.10106506726051,0.0,49.09354390134545,117.13112551893092
506,2,19.40760607576113,0.0,51.39277489491343,124.40599965482633
507,3,21.20707704218566,0.0,51.91061041714102,122.85267997562622
508,4,23.70877566578921,0.0,50.17681377258369,119.8631390380993
509,5,23.828308146479642,0.0,52.95506016211053,120.52147917054656
510,6,25.27045682577984,0.0,47.71662177173299,122.90135185981424
511,7,24.609020153441545,207.0552360820166,49.61268108144056,125.11849584989601
512,8,23.42130599097798,399.99999999999994,48.56635535879439,126.24724982022391
513,9,21.16350414982388,565.685424949238,46.26692676585388,125.10955798724456
514,10,19.423228669431666,692.8203230275509,49.8346386283146,126.41856390064993
515,11,18.343581676850967,772.7406610312546,49.756504983233434,127.34231773162374
516,12,15.500917187624383,800.0,53.02689948648426,126.48467800054905
517,13,11.43425430417624,772.7406610312546,51.26162336910956,120.36790787710129
518,14,10.099332305429229,692.820323027551,47.95162635134159,121.22349520739567
519,15,8.680319311506318,565.685424949238,53.708185132668376,119.46154128038874
520,16,4.670340681034243,399.99999999999994,52.442067391050706,117.08640094709003
521,17,5.884101929489252,207.05523608201682,51.16419540693723,119.72333091085737
522,18,4.337376241054153,9.797174393178826e-14,49.54703180230034,112.6293169791986
523,19,5.911340405702474,0.0,48.08112152655304,112.10159997890325
524,20,5.576486805613097,0.0,49.255586447857894,114.022062945344
525,21,6.124050087470003,0.0,52.177497239408375,114.22155632243049
526,22,8.372457562116834,0.0,53.769172611869216,115.57020503911002
527,23,12.459894495636165,0.0,53.08648705654438,117.75752054895048
528,0,15.259722501721482,0.0,49.02230115642745,120.51913682939055
529,1,16.6838738259208,0.0,47.76076513342198,116.19775728665591
530,2,20.638592458777374,0.0,50.28177249382241,121.08609884337034
531,3,20.409547749596516,0.0,46.463121268874296,118.10782643360082
532,4,23.59417423919707,0.0,50.64633542836956,122.75962317478582
533,5,23.448242063128223,0.0,49.704794827402665,120.2870502298155
534,6,24.348163892197842,0.0,49.067926996263516,121.361617124944
535,7,24.706656934207096,207.0552360820166,46.81059386546641,123.34336472966015
536,8,22.799840672560435,399.99999999999994,51.02720021313943,127.06908545792517
537,9,21.68651226763565,565.685424949238,48.93459832067618,127.66471171335907
538,10,21.00629280921444,692.8203230275509,47.66016632857942,125.09480683592903
539,11,17.01129858150206,772.7406610312546,44.2554755734367,125.16655218225068
540,12,15.835692112065143,800.0,49.944970189898726,124.84247031188856
541,13,11.282102694317174,772.7406610312546,53.54450319333949,122.18960123012603
542,14,10.529804177915286,692.820323027551,53.32251842909574,122.53208342941575
543,15,9.370500808792428,565.685424949238,49.085807486827456,119.69654196857036
544,16,3.868101462028325,399.99999999999994,48.79557587927644,119.33324063638774
545,17,4.54384648163884,207.05523608201682,50.937548512150045,115.17942504211064
546,18,5.57707212718054,9.797174393178826e-14,48.00322912162342,110.3227556367836
547,19,5.137696351066323,0.0,50.60358379963893,111.84240392920454
548,20,6.710891835526923,0.0,51.532160556769384,115.19395297226143
549,21,7.324947001418702,0.0,52.45386644776862,117.28591094956798
550,22,10.086589787472896,0.0,49.799691847040094,112.62425829478752
551,23,12.256132313582704,0.0,49.59265249964607,113.226710079012
552,0,16.167782061659807,0.0,48.244034826486875,120.53914575918496
553,1,17.842611294326417,0.0,48.34623929192028,119.17497477160362
554,2,20.337602662075202,0.0,49.54704221619695,118.77577067646243
555,3,21.65919084574301,0.0,50.734731013632356,121.77848525478163
556,4,23.172647813771892,0.0,51.8271692524665,117.99813614885394
557,5,24.22670007507106,0.0,48.39364209863931,121.79714171715912
558,6,25.394452142378295,0.0,52.985377137919045,123.78603325803759
559,7,24.23827378207042,207.0552360820166,49.457752797914864,125.46764502074508
560,8,23.950028894740804,399.99999999999994,49.957265411303126,124.44562360119221
561,9,24.146468610510915,565.685424949238,48.50557664170435,127.55973462519376
562,10,20.871124703431693,692.8203230275509,45.151519479454116,125.0059325387928
563,11,17.262166918857368,772.7406610312546,51.7680907927221,127.09518386179712
564,12,16.201213922163948,800.0,51.47368779418487,125.05232503637441
565,13,12.003734175953241,772.7406610312546,49.43734488576357,123.00459141670154
566,14,7.96187546482215,692.820323027551,50.133981434449744,119.44221415739119
567,15,6.920845877217125,565.685424949238,51.031878435408196,120.30035723791808
568,16,4.468954041129759,399.99999999999994,46.87490828622691,116.89713535279526
569,17,4.989228253068008,207.05523608201682,48.94189464530741,114.00161456147954
570,18,5.018418379189551,9.797174393178826e-14,51.58852935924365,112.88427205388355
571,19,7.017179049384598,0.0,47.4914211536615,110.83398663347428
572,20,6.666673335919777,0.0,50.587115864333256,113.00124486881636
573,21,7.709831659325658,0.0,47.28683639075319,113.23697618225086
574,22,10.829405581183485,0.0,50.932859964867056,119.53246442011012
575,23,10.200674239966899,0.0,49.928717035405036,113.41812998840321
576,0,15.235614558108566,0.0,46.76973636818898,119.16802041082074
577,1,18.35905564491217,0.0,52.329478708914344,121.14071172443766
578,2,18.52141375422016,0.0,48.5308168464039,119.38782485312608
579,3,23.214821855072405,0.0,48.37949512597124,123.92124067902316
580,4,23.9987504453388,0.0,50.40113839446189,122.63776111047207
581,5,24.24397034898988,0.0,52.29727469885743,123.16517890776832
582,6,25.632781866106285,0.0,47.96835636204321,122.33038122593547
583,7,26.929951120695076,207.0552360820166,50.123359699695946,127.39555318473484
584,8,23.842120292902884,399.99999999999994,50.857633000661146,127.73729059729999
585,9,22.31928839816581,565.685424949238,51.38621121452629,126.15522476023622
586,10,19.540639100459757,692.8203230275509,50.35288311055445,124.79022861071815
587,11,16.73834608156042,772.7406610312546,49.26594432183335,125.64529755936594
588,12,15.830335816544247,800.0,48.34481955870256,124.38407397341616
589,13,11.555725723065926,772.7406610312546,50.17228776609275,123.44444016314104
590,14,10.071566237219397,692.820323027551,47.85572197602879,123.39128794611719
591,15,7.451274741369412,565.685424949238,44.15729903301079,117.52799894414906
592,16,6.8187257879020065,399.99999999999994,50.873119608315335,117.51975174364671
593,17,5.6744038423962655,207.05523608201682,51.80786968217239,115.35636232066538
594,18,6.037539944257899,9.797174393178826e-14,45.27413512891632,113.34624332122014
595,19,4.8307253382545685,0.0,47.980538590580124,108.64113638626641
596,20,6.069871026862243,0.0,51.23830852201039,112.37254677568525
597,21,6.950168472352216,0.0,54.1149909394234,114.61500796248
598,22,9.555706739923885,0.0,50.04158741535082,116.5862892876724
599,23,12.789110042019637,0.0,48.54399411754173,115.36550017325887
600,0,15.756988616645351,0.0,49.63420711779032,114.99050667281792
601,1,16.66602512684758,0.0,52.74975283829637,119.81253030003228
602,2,20.86960592010566,0.0,48.70807164175093,119.22337370516458
603,3,23.426705670670426,0.0,48.40161598669949,119.60917604403957
604,4,24.073688941068088,0.0,49.03451295563593,120.90722897709139
605,5,26.536054075448746,0.0,48.093342783482576,122.60990755793712
606,6,24.22621080089643,0.0,50.24534063198959,121.25505653003883
607,7,23.414603559579263,207.0552360820166,53.24935691693912,121.11937643834902
608,8,21.88153378894011,399.99999999999994,50.64615854623206,126.41559789904717
609,9,23.567112123354658,565.685424949238,49.49529299574743,129.25178147223727
610,10,20.65436565635406,692.8203230275509,49.41637746216891,128.1159445378956
611,11,17.532605780114753,772.7406610312546,46.873618382606686,124.16190467125404
612,12,15.279968626319823,800.0,51.76621955429432,125.6909909230975
613,13,11.286320501676416,772.7406610312546,49.8443256059744,123.32965000950145
614,14,12.44575197961683,692.820323027551,49.639040172818746,123.97707883899055
615,15,8.058153370109757,565.685424949238,56.386215135689724,121.96568469476232
616,16,6.4491407567605075,399.99999999999994,50.59750581673137,116.24281084355877
617,17,6.066508361008009,207.05523608201682,48.49641789980963,114.92608345590645
618,18,5.481009231736714,9.797174393178826e-14,49.14728480758891,113.255882184309
619,19,5.564625761388447,0.0,52.29689141839351,115.42542464759308
620,20,5.549271506710302,0.0,50.22654082107553,113.87670372730736
621,21,8.400400545270518,0.0,47.12344404336527,114.80847411237158
622,22,11.88202449647503,0.0,51.83845786915041,116.43444376396164
623,23,13.757229595129761,0.0,48.66371182892201,118.72704588115454
624,0,16.593186626639397,0.0,53.74659555243509,119.66055661774597
625,1,17.07697477459402,0.0,52.1600961314293,117.67887474832251
626,2,19.01039517974142,0.0,49.1053562086825,121.43132378679499
627,3,21.945280891765826,0.0,52.562032723470224,122.5319018993855
628,4,23.71597895013308,0.0,50.13571102105481,121.22056564758478
629,5,25.75344978136163,0.0,51.70554735024444,122.49859490963084
630,6,23.30753537028518,0.0,50.96946563458895,122.29252412977151
631,7,26.188808582351296,207.0552360820166,48.30728669001825,125.52119118290084
632,8,23.5022461392654,399.99999999999994,48.71290033536508,125.78964153515253
633,9,21.644186741918055,565.685424949238,52.059921635162326,127.3578949576482
634,10,18.98789562473983,692.8203230275509,49.330449335786916,128.8381769716674
635,11,15.93333377915944,772.7406610312546,49.19270307351601,127.13992884294781
636,12,15.823170583961916,800.0,48.08975484130129,125.81548964713875
637,13,12.485127516163196,772.7406610312546,50.84719813118692,125.55137586578275
638,14,8.71003910025895,692.820323027551,54.12504983848629,120.55944689281093
639,15,6.633853416070913,565.685424949238,47.864934171491456,119.14365836674634
640,16,6.003961262865486,399.99999999999994,50.048438913345514,119.7256279387015
641,17,7.00976326239871,207.05523608201682,52.82444111083086,115.81325337109715
642,18,4.740408648636395,9.797174393178826e-14,49.84071721750857,111.06689687489128
643,19,3.837598783991209,0.0,50.904743592499464,111.12161477760591
644,20,6.09400289806967,0.0,47.87521294370624,110.9875944817625
645,21,7.656208618386852,0.0,50.8566141944153,112.82228428588492
646,22,7.303113357058425,0.0,49.625711469990904,113.02093682464235
647,23,12.357514682456971,0.0,51.97145999135972,114.46469881073249
648,0,14.769065469791322,0.0,52.3747721031295,117.88291465644596
649,1,18.284396815838623,0.0,55.17912728403723,121.53143962540672
650,2,21.848956094945343,0.0,51.15926634642715,119.79469704653772
651,3,23.19763284141323,0.0,50.651592633164334,124.00806083280213
652,4,23.391365347289554,0.0,50.38876860315467,122.53962452706712
653,5,23.55273235414901,0.0,49.293667414378625,123.18097053838632
654,6,27.57335980324986,0.0,50.67696768692338,122.9353216082314
655,7,24.71847669690517,207.0552360820166,49.40919717972194,125.59341798581704
656,8,23.674183329757334,399.99999999999994,50.33692195253923,124.26657520479354
657,9,22.04694272475547,565.685424949238,52.63519507121592,128.54273587736807
658,10,20.198084760767856,692.8203230275509,47.98691486944072,126.8823875942379
659,11,17.443830039101268,772.7406610312546,52.27975712225809,127.73514988429199
660,12,14.426337993119766,800.0,52.63423013467973,123.97662311505856
661,13,11.8649506077344,772.7406610312546,49.763862946017845,122.27004973996839
662,14,9.967246729784005,692.820323027551,45.75629020198281,121.95892696294415
663,15,7.385507417000764,565.685424949238,48.784356025811135,117.68395715681868
664,16,5.62690017947845,399.99999999999994,52.59398909312222,118.02705734651235
665,17,5.447171964801214,207.05523608201682,49.95426387540223,112.73428440861085
666,18,4.745022782579145,9.797174393178826e-14,48.001395535410175,113.24505181737162
667,19,6.844734725692004,0.0,48.99045015754356,111.37167242220197
668,20,3.6887761537626025,0.0,51.681240053009105,113.0090859940024
669,21,9.020439040056985,0.0,51.09346713640276,115.66735934777806
670,22,11.246085192497626,0.0,49.52213580166061,114.48231202893656
671,23,10.338419316566634,0.0,49.26635117637063,115.89551974418454
672,0,14.657312405919651,0.0,49.21648370191236,117.56261633834262
673,1,17.216749585029415,0.0,48.155179631002994,117.43114793442619
674,2,18.592488305282178,0.0,53.23075137893888,118.42956240231456
675,3,21.2932511242746,0.0,49.35535906157732,117.5737588369439
676,4,22.549678192378558,0.0,52.43431704165099,122.28617757546901
677,5,26.411528706314304,0.0,53.0426321038449,121.46708661688305
678,6,25.935678393147462,0.0,51.99662179629592,123.51017985499487
679,7,25.93081335788484,207.0552360820166,49.1367593745639,124.46813859055199
680,8,24.381926101887625,399.99999999999994,50.80746018067322,127.37116925023575
681,9,20.942016040648248,565.685424949238,49.95160878721817,125.66511577802535
682,10,19.475479733720228,692.8203230275509,48.192596278539746,125.81029067332294
683,11,18.077565012253128,772.7406610312546,50.648718563443204,127.99373888556019
684,12,13.777872191108056,800.0,47.641920417680396,124.91990722271629
685,13,13.12480797914718,772.7406610312546,52.37535877692313,125.23911629104492
686,14,9.75967460184187,692.820323027551,49.070765405403215,122.3260949969899
687,15,7.554111380584931,565.685424949238,50.40231931174568,117.21101561732333
688,16,7.050705930359106,399.99999999999994,50.56657574309229,118.77385113377848
689,17,5.785005048595357,207.05523608201682,49.48219005259185,115.77819608665662
690,18,4.63903383418092,9.797174393178826e-14,51.17338760295055,111.02916974481582
691,19,6.500071540473563,0.0,49.050192686754954,112.69395359707647
692,20,5.258682634555717,0.0,51.742594594914486,112.91889930481932
693,21,8.544867795078787,0.0,47.3080406395065,113.5322968488381
694,22,10.59310125796838,0.0,50.252759159092825,115.84789241065556
695,23,12.102263109660793,0.0,53.87785799811657,118.97375332720048
696,0,15.326133022242118,0.0,47.99933735078885,118.88558407278808
697,1,16.3370768746399,0.0,48.644510058950296,115.9291116589629
698,2,20.9240270192069,0.0,51.02781569931783,121.60068163492609
699,3,21.886165675422486,0.0,50.35916356387919,123.00831552979021
700,4,23.137531017325347,0.0,50.70126019854712,122.28923032940591
701,5,25.70826748872757,0.0,50.978374260295325,124.68627923420182
702,6,24.29565630945724,0.0,51.26944293712354,125.42012241070448
703,7,23.250796966527123,207.0552360820166,52.21939968391245,125.67539510002669
704,8,22.103624864320487,399.99999999999994,50.81963731385702,125.58970278839425
705,9,22.677077763211116,565.685424949238,49.51748469076291,128.46652278037766
706,10,18.719570647503716,692.8203230275509,51.34514740240546,126.7743497841538
707,11,19.342984633009575,772.7406610312546,53.79976386979043,128.19470626570285
708,12,12.91807059211628,800.0,49.73473250723485,123.87886044393453
709,13,14.10826591726483,772.7406610312546,48.050941390658714,126.73684788532486
710,14,10.211017467202621,692.820323027551,52.214161338573945,121.24890123267862
711,15,7.832219076264137,565.685424949238,49.7592376720928,121.82336290906018
712,16,5.794826875346665,399.99999999999994,45.65466090797193,116.77814180487829
713,17,5.739877851461388,207.05523608201682,51.69484335430084,113.18050069520812
714,18,4.962365297575151,9.797174393178826e-14,48.929343628092155,112.81852531389315
715,19,6.444043619125837,0.0,49.81893343539168,110.03576873516383
716,20,6.453973610817654,0.0,50.66396066113803,114.298040962883
717,21,8.0792339495964,0.0,50.38099935955813,115.44366407119333
718,22,9.636387787786141,0.0,51.41890363427808,114.21344068727059
719,23,12.354863925253717,0.0,49.12902725886031,116.18855895833228
720,0,15.307801768892059,0.0,51.02621159635216,120.79037935434188
721,1,15.87802205836858,0.0,49.48090664483217,117.07657230175782
722,2,18.651814577894285,0.0,51.477620961775,118.03307010071725
723,3,22.814331905888192,0.0,51.230734968026105,123.87580805024322
724,4,23.831119475972326,0.0,48.12912259591081,124.48526504296451
725,5,24.475274926538003,0.0,52.171964232350064,122.67757381751079
726,6,25.018433933065392,0.0,48.9280731097719,123.8120261415996
727,7,25.00683996825235,207.0552360820166,51.61611559656229,126.90940933755512
728,8,23.120494357535026,399.99999999999994,50.73457462680268,124.59343575532047
729,9,21.292763086463165,565.685424949238,53.676367353590244,126.3105505103902
730,10,20.19584525509768,692.8203230275509,49.553068035256295,128.7830512346077
731,11,16.609817673410177,772.7406610312546,49.3013664077636,128.42011014663314
732,12,15.408252755714473,800.0,49.96116078822453,126.54067982576368
733,13,10.709225944736952,772.7406610312546,49.39364043433145,121.64102613929423
734,14,11.029155637325648,692.820323027551,51.5998838038841,125.74334947726433
735,15,8.401529670547571,565.685424949238,46.76737878312682,118.41463849467358
736,16,6.59577569646949,399.99999999999994,47.89263516170729,116.37370820881902
737,17,6.323432721054831,207.05523608201682,47.86439415684161,115.31865430445035
738,18,6.665474444462577,9.797174393178826e-14,51.90061518394715,116.04410089009288
739,19,6.355111802127446,0.0,53.42122674516385,115.14276521492484
740,20,4.49887173082397,0.0,49.79110156292506,112.82995442853986
741,21,6.649355221398821,0.0,49.66235655361998,113.95208171660056
742,22,9.375181422304317,0.0,50.140104326226364,114.78088357936264
743,23,12.437900599185618,0.0,52.32375660521638,117.52091089241385
744,0,15.517659020469123,0.0,48.14529373161885,113.59354814001689
745,1,16.86244663787174,0.0,50.47673796546957,118.0816597234251
746,2,20.186766764477078,0.0,51.95039525956486,120.8454453365267
747,3,21.315684879512155,0.0,51.00218833987969,119.13175898230276
748,4,23.048736234852438,0.0,50.37916323319749,122.17968574078306
749,5,23.25259716604246,0.0,52.00209218513428,121.7200101885689
750,6,24.076766753889096,0.0,44.59353541400152,123.5903040072181
751,7,23.307573657274347,207.0552360820166,51.35575063906182,126.355018905092
752,8,22.684380784867056,399.99999999999994,48.69184863374515,124.3818517655053
753,9,23.124709608473314,565.685424949238,46.338734206287086,126.26069932763642
754,10,19.050601111168056,692.8203230275509,51.02240519904996,126.54706347725694
755,11,20.2205725158626,772.7406610312546,52.747317090325915,127.70966707206962
756,12,15.493317900880891,800.0,49.725102970744615,125.98421702063156
757,13,12.596645672669666,772.7406610312546,51.90574909440588,123.26945616219717
758,14,9.14164221981879,692.820323027551,53.22455651597729,120.44801264097407
759,15,8.62924206754352,565.685424949238,52.6298289071681,121.43150790054816
760,16,5.764108135917841,399.99999999999994,53.27992905874279,118.48233425604019
761,17,5.462751551754678,207.05523608201682,51.48425498214378,113.89230549363629
762,18,7.560084538268795,9.797174393178826e-14,50.15086727780319,115.15324887083894
763,19,5.2446818373846655,0.0,46.79606837620566,111.03418800018547
764,20,7.48901928844129,0.0,49.507875023740105,114.02583250602564
765,21,7.225755763008635,0.0,48.31350680936762,114.50609526229653
766,22,9.965011509503034,0.0,54.341885434995625,115.80046399469506
767,23,14.182610184610294,0.0,49.648228375135325,117.70306213554392
768,0,14.373032942212232,0.0,50.24640961356897,116.46115392798856
769,1,19.400639009022136,0.0,51.102970752080935,119.62621377978512
770,2,20.707751935455477,0.0,50.08720489274491,120.06252779995621
771,3,21.508601035971207,0.0,53.3901020808615,120.31245341434754
772,4,24.292661776899905,0.0,48.754701276531094,121.6321098990825
773,5,25.631812712517412,0.0,50.389214910474486,120.57082189005799
774,6,25.621809962217196,0.0,48.515058828603905,121.77718612611622
775,7,23.089033543000223,207.0552360820166,47.35995497755859,122.65974688777749
776,8,22.93311686201952,399.99999999999994,48.77646181818943,124.83758116590458
777,9,21.82354917631397,565.685424949238,49.925926405903176,126.19156795002384
778,10,19.925566570899953,692.8203230275509,49.14139555096548,126.62661932612839
779,11,18.208862548575887,772.7406610312546,48.61515804025229,127.27403176978005
780,12,15.177701000933256,800.0,47.187365072656334,126.33809912619668
781,13,11.076465190264692,772.7406610312546,49.83378885474261,122.257749136121
782,14,10.380197851005967,692.820323027551,46.990559251937995,119.71161272308237
783,15,8.539517933418352,565.685424949238,51.520111927379205,118.66756898331275
784,16,6.899536410086654,399.99999999999994,50.16487950586901,116.75193972442473
785,17,6.421522462663939,207.05523608201682,47.08489700107014,114.17041101564142
786,18,5.833922154548904,9.797174393178826e-14,49.38158184590027,111.63828334715832
787,19,5.799921816337752,0.0,48.495687188818835,110.6549233495578
788,20,6.269580250696968,0.0,50.63834902083836,112.57827868830488
789,21,6.267971254618532,0.0,52.68090089204629,113.94230573588948
790,22,10.429618219132582,0.0,46.24965506070851,115.35728432046133
791,23,12.619497236137894,0.0,50.23005215829483,115.51962447006544
792,0,15.271578837195374,0.0,49.67973440886672,116.95223956715587
793,1,16.311441875204896,0.0,51.34268015290093,117.03420950491169
794,2,18.918943459591738,0.0,50.42639325647538,119.49759162552878
795,3,23.12422066519838,0.0,48.49606133652236,119.98867964861745
796,4,23.620698883987732,0.0,49.36189212866677,122.54241958758902
797,5,25.340758960263305,0.0,48.40794828639302,119.67316939950909
798,6,25.02831837613046,0.0,52.152014277197196,122.40511753482598
799,7,24.689014402386427,207.0552360820166,50.04262329734389,124.87524523026975
800,8,24.598537843820388,399.99999999999994,53.802381371506016,127.33549697069515
801,9,21.555023083648102,565.685424949238,49.87867837237076,130.44965196176133
802,10,20.09612077694098,692.8203230275509,48.58318646617907,127.21760094883368
803,11,17.125915162320165,772.7406610312546,46.97257121477435,124.17879653916448
804,12,14.565503772567686,800.0,46.39372064748811,124.41829964514787
805,13,12.102637425506153,772.7406610312546,46.83172811398902,120.48070144566374
806,14,10.222133771633716,692.820323027551,50.53425330202297,122.02522115255182
807,15,7.450183566471051,565.685424949238,51.01745004645987,118.33585195651874
808,16,7.595502087729136,399.99999999999994,46.83761859593573,118.53836017639196
809,17,4.446134434889813,207.05523608201682,51.79007662815223,113.82732449200222
810,18,4.813128355838641,9.797174393178826e-14,49.03387789663312,112.03819088355307
811,19,4.90101067883514,0.0,50.2935860239711,111.5558857821052
812,20,7.786723846509347,0.0,53.22444125651085,117.14652720233684
813,21,8.125486964646097,0.0,51.79367863173106,113.93961505949238
814,22,11.031844539468631,0.0,49.46293870418833,118.15734557579079
815,23,10.926249175937812,0.0,48.21761554916942,116.3278753409802
816,0,15.267050265869258,0.0,45.69636919734139,117.49589906340599
817,1,18.47782124664864,0.0,48.56169336151516,119.50434901660363
818,2,20.082283989275425,0.0,49.57773952234461,120.54738584643101
819,3,23.136548186930828,0.0,48.02564094569763,118.28189341358653
820,4,23.142965587744012,0.0,49.73748606581539,121.10065491580895
821,5,26.068605703076262,0.0,50.153703765917534,124.33278056149813
822,6,27.29889812361925,0.0,49.55028803638384,123.48616089387524
823,7,24.296419702451022,207.0552360820166,48.69999483835308,121.85097640951095
824,8,23.214751516443616,399.99999999999994,50.337309343933455,125.5962309511423
825,9,23.524452288983177,565.685424949238,50.88388129913882,130.15201492819497
826,10,21.57957214573071,692.8203230275509,47.81920184511431,129.1521672454658
827,11,17.06533042387194,772.7406610312546,52.82186475949254,126.73143876009797
828,12,14.579813182904145,800.0,49.802823735431474,126.6776452541255
829,13,12.130024940114286,772.7406610312546,50.0376992458897,123.25019839899555
830,14,8.655549488965727,692.820323027551,51.416428846513114,118.98345636382092
831,15,7.010280241650331,565.685424949238,50.466432262527,117.86858184062861
832,16,5.335605195403547,399.99999999999994,51.90627326782649,119.39339040402938
833,17,4.572944172005188,207.05523608201682,50.57424833040365,114.06088449015954
834,18,4.965315112613219,9.797174393178826e-14,48.77512525071912,111.8726066373879
835,19,5.574956469645836,0.0,50.72300705041221,112.48232235049304
836,20,7.890246454969692,0.0,47.71254758535868,116.34383762891609
837,21,6.930578147395732,0.0,50.21711941155305,115.94765132905157
838,22,10.98432239847658,0.0,49.93354001871108,118.80703955315272
839,23,12.197820704749274,0.0,49.58376628545492,115.77709579386554
840,0,14.950536290347568,0.0,49.74292497712214,117.86728987371886
841,1,18.26300994319181,0.0,46.23630190900472,116.10380152926565
842,2,18.8772779784377,0.0,48.90255018451808,121.43455066529988
843,3,22.453477558049528,0.0,50.185689802282226,119.51220741257931
844,4,23.82670624605744,0.0,50.3197127839948,122.30245902547162
845,5,25.15170952689883,0.0,47.944649718148085,120.51883091562976
846,6,25.289168643907818,0.0,52.5314156817294,122.26756721819176
847,7,27.114558402801574,207.0552360820166,48.267650303570996,124.0254679763606
848,8,23.022514053593074,399.99999999999994,51.938914401053474,124.98722701599351
849,9,21.540070856863657,565.685424949238,50.85438872374337,125.78908336794942
850,10,19.376859473575237,692.8203230275509,48.707545380312396,125.535738850738
851,11,17.032713331864954,772.7406610312546,53.55062178521902,128.2038885009593
852,12,14.362612872693484,800.0,47.61272633648704,123.04655751405036
853,13,13.600826080082344,772.7406610312546,51.83830834722,125.22629346031853
854,14,11.420504247989859,692.820323027551,52.00116463608596,124.86562700994598
855,15,7.358185894385053,565.685424949238,48.65875958184671,118.29790456628416
856,16,5.507390389051386,399.99999999999994,52.78493060012866,116.23380297843003
857,17,5.812157293495721,207.05523608201682,49.499906970802094,114.53082546395808
858,18,4.4477769557190285,9.797174393178826e-14,50.57738725855972,114.10895374211252
859,19,5.973673554864826,0.0,50.52064367754244,113.38212695937094
860,20,6.542668983006914,0.0,49.731382517058904,112.42078955300383
861,21,6.413188073137291,0.0,51.621616546319565,114.25673232261462
862,22,11.547505201330058,0.0,51.58697744110442,114.43770986413128
863,23,14.207687222070305,0.0,46.50293605352364,117.42647008740431
864,0,14.387211309515614,0.0,52.6086804857563,118.32825271346172
865,1,17.200488891089222,0.0,46.67501602392865,117.47353494362201
866,2,20.285865390724904,0.0,52.06509240868331,119.29807247942826
867,3,22.405524601852502,0.0,52.25341027365516,120.3234229722321
868,4,24.318798310517217,0.0,47.81806713956961,122.5252385876914
869,5,26.66946280165703,0.0,49.178371424090834,125.01387643938028
870,6,24.82305277250595,0.0,47.78859066302813,121.01328289831541
871,7,23.860961018352228,207.0552360820166,49.57015793942253,124.60264451320802
872,8,22.280934809829862,399.99999999999994,49.38393143162852,121.88671316333752
873,9,21.340137771923555,565.685424949238,51.55932106453868,125.76186075237611
874,10,19.9668730271262,692.8203230275509,52.62061749223922,127.38917484298011
875,11,19.382748314542997,772.7406610312546,52.79136762157991,126.61252916642727
876,12,14.482388700963831,800.0,48.875663946843396,123.61156757766621
877,13,12.635597500613692,772.7406610312546,49.58155625251094,122.95984727641826
878,14,9.983577103927251,692.820323027551,46.6331236155581,121.68490559784031
879,15,9.117325461582613,565.685424949238,48.38825986700762,119.61217542607565
880,16,8.866678388029236,399.99999999999994,51.92970326619491,115.46193299726613
881,17,4.809872964188997,207.05523608201682,53.23116564709646,111.94067174338136
882,18,4.510560557481778,9.797174393178826e-14,47.53130225624015,110.85124296320315
883,19,6.384902614178388,0.0,48.81507148169421,113.64199548250836
884,20,7.021637451781926,0.0,49.94718848608215,109.37899915901954
885,21,9.775639513870557,0.0,50.56032231763921,114.25028895623566
886,22,10.583928185325961,0.0,48.38079296015671,114.17875089991819
887,23,12.052517458187724,0.0,50.84812208892818,118.27838981419218
888,0,15.590654830692309,0.0,49.052321305858165,117.02825895894848
889,1,18.696894031608114,0.0,49.97109545824344,119.91714958456413
890,2,20.820482181197363,0.0,51.0925684960074,120.84064049993135
891,3,22.578341842972772,0.0,50.012844539621874,118.09589010969995
892,4,24.72692872743354,0.0,49.12722821894686,123.34122083245374
893,5,25.828553853336352,0.0,49.78078039214834,123.19352776328228
894,6,26.382158991037528,0.0,49.82327408158933,123.91813727134851
895,7,25.307968150480324,207.0552360820166,49.25997794023574,130.46588858376197
896,8,23.493135957527535,399.99999999999994,49.482407874665796,122.51688014444905
897,9,22.2177814982988,565.685424949238,53.19729434100943,129.99224884148532
898,10,21.206508966508355,692.8203230275509,51.121838895882476,127.32465421360565
899,11,16.771254780037975,772.7406610312546,49.40903936394168,126.42583522972437
900,12,15.368673308872904,800.0,51.39390880902147,125.89485004828889
901,13,12.018470736647432,772.7406610312546,49.33236102048798,122.96675968263678
902,14,10.02874482293482,692.820323027551,52.346249275173285,121.55707610441944
903,15,9.207384050741828,565.685424949238,50.739284384396186,120.90266625510206
904,16,6.530845030175517,399.99999999999994,49.78539571199154,114.94674111247856
905,17,5.387178285265466,207.05523608201682,50.89543385162055,116.06909702505968
906,18,3.640143859020081,9.797174393178826e-14,46.858247695863,110.56742986135475
907,19,6.086995303136536,0.0,47.74646506218039,110.89768665544382
908,20,6.98523014329669,0.0,47.61214998720189,112.34002578209501
909,21,10.092186911439983,0.0,50.28588618952741,116.98899451891934
910,22,9.692221765046996,0.0,53.46502999897018,114.73611425179321
911,23,12.630959876638723,0.0,54.46260029238526,117.74568042411084
912,0,15.249383683710755,0.0,51.27610220288152,116.78347786885848
913,1,19.16564373078868,0.0,51.001688949888916,120.92004243025755
914,2,19.904704467613048,0.0,46.39788453169452,120.26019074833073
915,3,22.350089337635815,0.0,48.914652400531956,123.73088839886891
916,4,24.268150547560925,0.0,48.42443249618352,121.55561585476836
917,5,24.84586738604704,0.0,48.758304803497765,123.17757686085994
918,6,24.55356638544947,0.0,49.663712362830424,122.35662697459924
919,7,24.85334825578899,207.0552360820166,49.055818844605746,126.25219793043033
920,8,24.73388578770416,399.99999999999994,46.04140037924842,124.49697438828868
921,9,21.044552512454416,565.685424949238,51.49582051223507,127.59580257748252
922,10,20.132969674146874,692.8203230275509,47.854513948520385,126.27354491287801
923,11,16.888069636086037,772.7406610312546,50.4784937282223,126.17085790833727
924,12,16.195046628924842,800.0,54.14816533949995,127.06478510903497
925,13,10.888622644191019,772.7406610312546,48.16123081682716,123.18232469041351
926,14,9.441078152728416,692.820323027551,44.93942495450734,120.46228373285824
927,15,8.30614406319905,565.685424949238,49.42799155623978,120.01759436709565
928,16,7.905269991389955,399.99999999999994,52.20191926999714,120.76019593603769
929,17,5.2749914760363295,207.05523608201682,53.91669490844119,116.96956160894939
930,18,4.444800473306802,9.797174393178826e-14,47.54090081109516,113.03431228761778
931,19,7.2218988065499055,0.0,50.993398446473044,113.12631980353376
932,20,4.89173206173937,0.0,49.069379086439895,110.92588060581517
933,21,5.730126231514441,0.0,49.78810329139173,114.2556346113922
934,22,10.44001445005333,0.0,55.28868669403407,117.59181475262817
935,23,11.909755324622173,0.0,46.99405934320969,117.56269554457951
936,0,13.978767182869287,0.0,50.50747932298915,116.18490851707863
937,1,18.296546898324557,0.0,50.935386343530865,118.99102773482792
938,2,20.2438007137712,0.0,52.1715726498787,118.09698864307319
939,3,21.50698918112875,0.0,50.19596630694179,120.20398119286142
940,4,22.379949639173493,0.0,50.6161010790082,122.80805080125756
941,5,25.531715591170826,0.0,49.21670286515642,121.90945529977441
942,6,25.65020117795866,0.0,50.53825388249022,123.8934710582786
943,7,24.560082399111298,207.0552360820166,49.31361544900518,123.92756199118014
944,8,25.506891033892053,399.99999999999994,51.2431437797121,127.4881598152208
945,9,21.00098304553932,565.685424949238,49.26077932791273,124.28796455312109
946,10,18.474474829075263,692.8203230275509,50.75420078780437,126.44409497682487
947,11,16.896282381143966,772.7406610312546,49.94147437263004,121.67713871905946
948,12,14.954413983644503,800.0,52.252100501544334,125.64728285488816
949,13,12.655148998297484,772.7406610312546,49.89721255282303,121.58871375445318
950,14,9.758763942143673,692.820323027551,46.453935063586236,122.90736398888482
951,15,8.280987584648825,565.685424949238,52.523843001427984,121.46822767124915
952,16,5.088206537965171,399.99999999999994,48.18853539827476,116.88181682158665
953,17,6.784506341182577,207.05523608201682,48.69246732270236,117.482808336691
954,18,4.917848821607431,9.797174393178826e-14,48.80867741191302,110.79728511194907
955,19,6.458037568697443,0.0,52.74887618634163,116.39983881849038
956,20,6.6824713085333185,0.0,45.72865157204261,113.88525331506575
957,21,8.385685407288307,0.0,56.27549706731999,115.09310918627972
958,22,10.5697672802322,0.0,52.112113618132106,117.41073658451695
959,23,12.859518108992098,0.0,50.44647782825832,114.85961435153027
960,0,15.642722759867544,0.0,49.89021199876743,116.56263253739576
961,1,18.91734298115764,0.0,50.571108149715315,118.66000853566233
962,2,20.19652116970147,0.0,51.04224485675868,119.51324299410643
963,3,22.780071569453987,0.0,51.29043117190012,120.06328555496663
964,4,23.570518343557158,0.0,51.111208932006896,123.84212555882294
965,5,26.099375478340153,0.0,50.1791613625105,122.69723841111744
966,6,24.32360769794073,0.0,49.60532315938535,122.61162593338275
967,7,26.4601986958015,207.0552360820166,49.697453432692974,124.38461534563899
968,8,23.620096087200046,399.99999999999994,49.61018343929464,123.00117978063616
969,9,20.640292709747428,565.685424949238,52.26754019373413,126.83559468070007
970,10,20.12810441491079,692.8203230275509,51.187113444561724,124.36129566351359
971,11,16.907138793550327,772.7406610312546,44.11922273067144,124.90186948409378
972,12,15.840643548988727,800.0,51.311801553059524,124.13020952685706
973,13,11.759185569672402,772.7406610312546,50.38947238943755,126.66580787188246
974,14,9.553816566785224,692.820323027551,49.96258248710821,123.06467209435186
975,15,6.039391457188998,565.685424949238,49.22296309382223,118.67977328375855
976,16,5.887439642906537,399.99999999999994,52.248225439972025,119.28892492592969
977,17,2.9168624104803604,207.05523608201682,51.89505292424572,112.63852018471088
978,18,3.4160971765142767,9.797174393178826e-14,48.454244664352785,112.21411658913284
979,19,6.101156393253612,0.0,50.81410457424907,113.51311476205468
980,20,7.125546120806447,0.0,48.056686530917425,113.57014048858721
981,21,8.354389749919488,0.0,47.24076367042214,115.53387785920432
982,22,9.033023856870784,0.0,48.74656555082007,115.36456319276911
983,23,12.364098192832804,0.0,51.72478694476552,116.96009197960704
984,0,14.996397460909431,0.0,51.906250090752174,115.39711759426271
985,1,16.429825761832664,0.0,51.02617084019459,116.98007760603605
986,2,21.50339830176715,0.0,51.450191573695996,120.8576740652292
987,3,22.948430102441147,0.0,51.032356574229915,121.82074492748153
988,4,23.43928986401472,0.0,48.717036809554095,119.76774670690727
989,5,24.686144101885212,0.0,50.86384508934788,126.13335608217983
990,6,25.20838280794755,0.0,51.600819050455364,149.24652088953823
991,7,22.61752339446639,207.0552360820166,51.50858265962715,124.58420807056753
992,8,23.413076655323792,399.99999999999994,52.37782674294929,126.29015896817737
993,9,21.389083563867676,565.685424949238,51.416607694402124,126.31640411545492
994,10,18.998379990105086,692.8203230275509,50.70289641508317,125.14009481831134
995,11,17.307090158139253,772.7406610312546,52.14030047663285,126.92523256248704
996,12,16.797686526849525,800.0,49.94695748150188,126.77486356993927
997,13,13.052652410241802,772.7406610312546,48.23625069754456,122.03834209171991
998,14,9.428821010217206,692.820323027551,49.673866072112475,122.07865157567396
999,15,8.501514969490687,565.685424949238,48.510194710387104,119.37676210307804
